Command line invocation:
    /Applications/Xcode-beta.app/Contents/Developer/usr/bin/xcodebuild -project Atria/Atria.xcodeproj -scheme Atria -configuration Release -destination generic/platform=iOS build

ComputePackagePrebuildTargetDependencyGraph

Prepare packages

CreateBuildRequest

SendProjectDescription

CreateBuildOperation

ComputeTargetDependencyGraph
note: Building targets in dependency order
note: Target dependency graph (2 targets)
    Target 'Atria' in project 'Atria'
        ➜ Explicit dependency on target 'AtriaWidget' in project 'Atria'
    Target 'AtriaWidget' in project 'Atria' (no dependencies)

GatherProvisioningInputs

CreateBuildDescription

ExecuteExternalTool /Applications/Xcode-beta.app/Contents/Developer/Toolchains/XcodeDefault.xctoolchain/usr/bin/clang -v -E -dM -isysroot /Applications/Xcode-beta.app/Contents/Developer/Platforms/iPhoneOS.platform/Developer/SDKs/iPhoneOS27.0.sdk -x c -c /dev/null

ExecuteExternalTool /Applications/Xcode-beta.app/Contents/Developer/Toolchains/XcodeDefault.xctoolchain/usr/bin/swiftc --version

ExecuteExternalTool /Applications/Xcode-beta.app/Contents/Developer/usr/bin/actool --print-asset-tag-combinations --output-format xml1 /Users/amanpandey/projects/atria/Atria/Atria/Assets.xcassets

ExecuteExternalTool /Applications/Xcode-beta.app/Contents/Developer/Toolchains/XcodeDefault.xctoolchain/usr/bin/ld -version_details

ExecuteExternalTool /Applications/Xcode-beta.app/Contents/Developer/usr/bin/actool --version --output-format xml1

Build description signature: 0bd685f663b31c0d3db8c610dc5109f8
Build description path: /Users/amanpandey/Library/Developer/Xcode/DerivedData/Atria-ctrkttbxjrccqrezhykayorqtnwd/Build/Intermediates.noindex/XCBuildData/0bd685f663b31c0d3db8c610dc5109f8.xcbuilddata
CreateBuildDirectory /Users/amanpandey/Library/Developer/Xcode/DerivedData/CompilationCache.noindex
    cd /Users/amanpandey/projects/atria/Atria/Atria.xcodeproj
    builtin-create-build-directory /Users/amanpandey/Library/Developer/Xcode/DerivedData/CompilationCache.noindex

CreateBuildDirectory /Users/amanpandey/Library/Developer/Xcode/DerivedData/ModuleCache.noindex
    cd /Users/amanpandey/projects/atria/Atria/Atria.xcodeproj
    builtin-create-build-directory /Users/amanpandey/Library/Developer/Xcode/DerivedData/ModuleCache.noindex

ClangStatCache /Applications/Xcode-beta.app/Contents/Developer/Toolchains/XcodeDefault.xctoolchain/usr/bin/clang-stat-cache /Applications/Xcode-beta.app/Contents/Developer/Platforms/iPhoneOS.platform/Developer/SDKs/iPhoneOS27.0.sdk /Users/amanpandey/Library/Developer/Xcode/DerivedData/SDKStatCaches.noindex/iphoneos27.0-24A5370g-ab8728d0c5b464cc751fe8b4b02b9db3.sdkstatcache
    cd /Users/amanpandey/projects/atria/Atria/Atria.xcodeproj
    /Applications/Xcode-beta.app/Contents/Developer/Toolchains/XcodeDefault.xctoolchain/usr/bin/clang-stat-cache /Applications/Xcode-beta.app/Contents/Developer/Platforms/iPhoneOS.platform/Developer/SDKs/iPhoneOS27.0.sdk -o /Users/amanpandey/Library/Developer/Xcode/DerivedData/SDKStatCaches.noindex/iphoneos27.0-24A5370g-ab8728d0c5b464cc751fe8b4b02b9db3.sdkstatcache

CreateBuildDirectory /Users/amanpandey/Library/Developer/Xcode/DerivedData/Atria-ctrkttbxjrccqrezhykayorqtnwd/Build/Intermediates.noindex/PrecompiledHeaders
    cd /Users/amanpandey/projects/atria/Atria/Atria.xcodeproj
    builtin-create-build-directory /Users/amanpandey/Library/Developer/Xcode/DerivedData/Atria-ctrkttbxjrccqrezhykayorqtnwd/Build/Intermediates.noindex/PrecompiledHeaders

MkDir /Users/amanpandey/Library/Developer/Xcode/DerivedData/Atria-ctrkttbxjrccqrezhykayorqtnwd/Build/Products/Release-iphoneos/AtriaWidget.appex (in target 'AtriaWidget' from project 'Atria')
    cd /Users/amanpandey/projects/atria/Atria
    /bin/mkdir -p /Users/amanpandey/Library/Developer/Xcode/DerivedData/Atria-ctrkttbxjrccqrezhykayorqtnwd/Build/Products/Release-iphoneos/AtriaWidget.appex

WriteAuxiliaryFile /Users/amanpandey/Library/Developer/Xcode/DerivedData/Atria-ctrkttbxjrccqrezhykayorqtnwd/Build/Intermediates.noindex/Atria.build/Release-iphoneos/AtriaWidget.build/DerivedSources/Entitlements.plist (in target 'AtriaWidget' from project 'Atria')
    cd /Users/amanpandey/projects/atria/Atria
    write-file /Users/amanpandey/Library/Developer/Xcode/DerivedData/Atria-ctrkttbxjrccqrezhykayorqtnwd/Build/Intermediates.noindex/Atria.build/Release-iphoneos/AtriaWidget.build/DerivedSources/Entitlements.plist

WriteAuxiliaryFile /Users/amanpandey/Library/Developer/Xcode/DerivedData/Atria-ctrkttbxjrccqrezhykayorqtnwd/Build/Intermediates.noindex/Atria.build/Release-iphoneos/Atria.build/DerivedSources/Entitlements.plist (in target 'Atria' from project 'Atria')
    cd /Users/amanpandey/projects/atria/Atria
    write-file /Users/amanpandey/Library/Developer/Xcode/DerivedData/Atria-ctrkttbxjrccqrezhykayorqtnwd/Build/Intermediates.noindex/Atria.build/Release-iphoneos/Atria.build/DerivedSources/Entitlements.plist

WriteAuxiliaryFile /Users/amanpandey/Library/Developer/Xcode/DerivedData/Atria-ctrkttbxjrccqrezhykayorqtnwd/Build/Intermediates.noindex/Atria.build/Release-iphoneos/Atria.build/Objects-normal/arm64/Atria.LinkFileList (in target 'Atria' from project 'Atria')
    cd /Users/amanpandey/projects/atria/Atria
    write-file /Users/amanpandey/Library/Developer/Xcode/DerivedData/Atria-ctrkttbxjrccqrezhykayorqtnwd/Build/Intermediates.noindex/Atria.build/Release-iphoneos/Atria.build/Objects-normal/arm64/Atria.LinkFileList

WriteAuxiliaryFile /Users/amanpandey/Library/Developer/Xcode/DerivedData/Atria-ctrkttbxjrccqrezhykayorqtnwd/Build/Intermediates.noindex/Atria.build/Release-iphoneos/Atria.build/Objects-normal/arm64/Atria.SwiftFileList (in target 'Atria' from project 'Atria')
    cd /Users/amanpandey/projects/atria/Atria
    write-file /Users/amanpandey/Library/Developer/Xcode/DerivedData/Atria-ctrkttbxjrccqrezhykayorqtnwd/Build/Intermediates.noindex/Atria.build/Release-iphoneos/Atria.build/Objects-normal/arm64/Atria.SwiftFileList

WriteAuxiliaryFile /Users/amanpandey/Library/Developer/Xcode/DerivedData/Atria-ctrkttbxjrccqrezhykayorqtnwd/Build/Intermediates.noindex/Atria.build/Release-iphoneos/Atria.build/Objects-normal/arm64/Atria-OutputFileMap.json (in target 'Atria' from project 'Atria')
    cd /Users/amanpandey/projects/atria/Atria
    write-file /Users/amanpandey/Library/Developer/Xcode/DerivedData/Atria-ctrkttbxjrccqrezhykayorqtnwd/Build/Intermediates.noindex/Atria.build/Release-iphoneos/Atria.build/Objects-normal/arm64/Atria-OutputFileMap.json

ProcessProductPackaging /Users/amanpandey/projects/atria/Atria/AtriaWidget.entitlements /Users/amanpandey/Library/Developer/Xcode/DerivedData/Atria-ctrkttbxjrccqrezhykayorqtnwd/Build/Intermediates.noindex/Atria.build/Release-iphoneos/AtriaWidget.build/AtriaWidget.appex.xcent (in target 'AtriaWidget' from project 'Atria')
    cd /Users/amanpandey/projects/atria/Atria
    
    Entitlements:
    
    {
    "application-identifier" = "JP4HU7X6G7.com.adidshaft.atria.widget";
    "com.apple.developer.team-identifier" = JP4HU7X6G7;
    "com.apple.security.application-groups" =     (
        "group.com.adidshaft.atria"
    );
    "get-task-allow" = 1;
}
    
    builtin-productPackagingUtility /Users/amanpandey/projects/atria/Atria/AtriaWidget.entitlements -entitlements -format xml -o /Users/amanpandey/Library/Developer/Xcode/DerivedData/Atria-ctrkttbxjrccqrezhykayorqtnwd/Build/Intermediates.noindex/Atria.build/Release-iphoneos/AtriaWidget.build/AtriaWidget.appex.xcent

ProcessProductPackaging /Users/amanpandey/Library/Developer/Xcode/UserData/Provisioning\ Profiles/Atria_Development.mobileprovision /Users/amanpandey/Library/Developer/Xcode/DerivedData/Atria-ctrkttbxjrccqrezhykayorqtnwd/Build/Products/Release-iphoneos/AtriaWidget.appex/embedded.mobileprovision (in target 'AtriaWidget' from project 'Atria')
    cd /Users/amanpandey/projects/atria/Atria
    builtin-productPackagingUtility /Users/amanpandey/Library/Developer/Xcode/UserData/Provisioning\ Profiles/Atria_Development.mobileprovision -o /Users/amanpandey/Library/Developer/Xcode/DerivedData/Atria-ctrkttbxjrccqrezhykayorqtnwd/Build/Products/Release-iphoneos/AtriaWidget.appex/embedded.mobileprovision

ProcessProductPackagingDER /Users/amanpandey/Library/Developer/Xcode/DerivedData/Atria-ctrkttbxjrccqrezhykayorqtnwd/Build/Intermediates.noindex/Atria.build/Release-iphoneos/AtriaWidget.build/AtriaWidget.appex.xcent /Users/amanpandey/Library/Developer/Xcode/DerivedData/Atria-ctrkttbxjrccqrezhykayorqtnwd/Build/Intermediates.noindex/Atria.build/Release-iphoneos/AtriaWidget.build/AtriaWidget.appex.xcent.der (in target 'AtriaWidget' from project 'Atria')
    cd /Users/amanpandey/projects/atria/Atria
    /usr/bin/derq query -f xml -i /Users/amanpandey/Library/Developer/Xcode/DerivedData/Atria-ctrkttbxjrccqrezhykayorqtnwd/Build/Intermediates.noindex/Atria.build/Release-iphoneos/AtriaWidget.build/AtriaWidget.appex.xcent -o /Users/amanpandey/Library/Developer/Xcode/DerivedData/Atria-ctrkttbxjrccqrezhykayorqtnwd/Build/Intermediates.noindex/Atria.build/Release-iphoneos/AtriaWidget.build/AtriaWidget.appex.xcent.der --raw

ProcessInfoPlistFile /Users/amanpandey/Library/Developer/Xcode/DerivedData/Atria-ctrkttbxjrccqrezhykayorqtnwd/Build/Products/Release-iphoneos/AtriaWidget.appex/Info.plist /Users/amanpandey/projects/atria/Atria/AtriaWidgetInfo.plist (in target 'AtriaWidget' from project 'Atria')
    cd /Users/amanpandey/projects/atria/Atria
    builtin-infoPlistUtility /Users/amanpandey/projects/atria/Atria/AtriaWidgetInfo.plist -producttype com.apple.product-type.app-extension -expandbuildsettings -format binary -platform iphoneos -requiredArchitecture arm64 -o /Users/amanpandey/Library/Developer/Xcode/DerivedData/Atria-ctrkttbxjrccqrezhykayorqtnwd/Build/Products/Release-iphoneos/AtriaWidget.appex/Info.plist

SwiftDriver AtriaWidget normal arm64 com.apple.xcode.tools.swift.compiler (in target 'AtriaWidget' from project 'Atria')
    cd /Users/amanpandey/projects/atria/Atria
    builtin-SwiftDriver -- /Applications/Xcode-beta.app/Contents/Developer/Toolchains/XcodeDefault.xctoolchain/usr/bin/swiftc -module-name AtriaWidget -O -whole-module-optimization @/Users/amanpandey/Library/Developer/Xcode/DerivedData/Atria-ctrkttbxjrccqrezhykayorqtnwd/Build/Intermediates.noindex/Atria.build/Release-iphoneos/AtriaWidget.build/Objects-normal/arm64/AtriaWidget.SwiftFileList -enable-bare-slash-regex -enable-experimental-feature DebugDescriptionMacro -sdk /Applications/Xcode-beta.app/Contents/Developer/Platforms/iPhoneOS.platform/Developer/SDKs/iPhoneOS27.0.sdk -target arm64-apple-ios26.1 -g -module-cache-path /Users/amanpandey/Library/Developer/Xcode/DerivedData/ModuleCache.noindex -Xfrontend -serialize-debugging-options -application-extension -swift-version 5 -I /Users/amanpandey/Library/Developer/Xcode/DerivedData/Atria-ctrkttbxjrccqrezhykayorqtnwd/Build/Products/Release-iphoneos -F /Users/amanpandey/Library/Developer/Xcode/DerivedData/Atria-ctrkttbxjrccqrezhykayorqtnwd/Build/Products/Release-iphoneos -emit-localized-strings -emit-localized-strings-path /Users/amanpandey/Library/Developer/Xcode/DerivedData/Atria-ctrkttbxjrccqrezhykayorqtnwd/Build/Intermediates.noindex/Atria.build/Release-iphoneos/AtriaWidget.build/Objects-normal/arm64 -c -num-threads 14 -Xcc -ivfsstatcache -Xcc /Users/amanpandey/Library/Developer/Xcode/DerivedData/SDKStatCaches.noindex/iphoneos27.0-24A5370g-ab8728d0c5b464cc751fe8b4b02b9db3.sdkstatcache -output-file-map /Users/amanpandey/Library/Developer/Xcode/DerivedData/Atria-ctrkttbxjrccqrezhykayorqtnwd/Build/Intermediates.noindex/Atria.build/Release-iphoneos/AtriaWidget.build/Objects-normal/arm64/AtriaWidget-OutputFileMap.json -save-temps -no-color-diagnostics -explicit-module-build -module-cache-path /Users/amanpandey/Library/Developer/Xcode/DerivedData/Atria-ctrkttbxjrccqrezhykayorqtnwd/Build/Intermediates.noindex/SwiftExplicitPrecompiledModules -clang-scanner-module-cache-path /Users/amanpandey/Library/Developer/Xcode/DerivedData/ModuleCache.noindex -sdk-module-cache-path /Users/amanpandey/Library/Developer/Xcode/DerivedData/ModuleCache.noindex -emit-dependencies -emit-module -emit-module-path /Users/amanpandey/Library/Developer/Xcode/DerivedData/Atria-ctrkttbxjrccqrezhykayorqtnwd/Build/Intermediates.noindex/Atria.build/Release-iphoneos/AtriaWidget.build/Objects-normal/arm64/AtriaWidget.swiftmodule -serialize-diagnostics -dependency-scan-serialize-diagnostics-path /Users/amanpandey/Library/Developer/Xcode/DerivedData/Atria-ctrkttbxjrccqrezhykayorqtnwd/Build/Intermediates.noindex/Atria.build/Release-iphoneos/AtriaWidget.build/Objects-normal/arm64/AtriaWidget-dependency-scan.dia -validate-clang-modules-once -clang-build-session-file /Users/amanpandey/Library/Developer/Xcode/DerivedData/ModuleCache.noindex/Session.modulevalidation -Xcc -fmodules-prune-interval\=86400 -Xcc -fmodules-prune-after\=345600 -emit-const-values -const-gather-protocols-list /Users/amanpandey/Library/Developer/Xcode/DerivedData/Atria-ctrkttbxjrccqrezhykayorqtnwd/Build/Intermediates.noindex/Atria.build/Release-iphoneos/AtriaWidget.build/Objects-normal/arm64/AtriaWidget_const_extract_protocols.json -Xcc -iquote -Xcc /Users/amanpandey/Library/Developer/Xcode/DerivedData/Atria-ctrkttbxjrccqrezhykayorqtnwd/Build/Intermediates.noindex/Atria.build/Release-iphoneos/AtriaWidget.build/AtriaWidget-generated-files.hmap -Xcc -I/Users/amanpandey/Library/Developer/Xcode/DerivedData/Atria-ctrkttbxjrccqrezhykayorqtnwd/Build/Intermediates.noindex/Atria.build/Release-iphoneos/AtriaWidget.build/AtriaWidget-own-target-headers.hmap -Xcc -I/Users/amanpandey/Library/Developer/Xcode/DerivedData/Atria-ctrkttbxjrccqrezhykayorqtnwd/Build/Intermediates.noindex/Atria.build/Release-iphoneos/AtriaWidget.build/AtriaWidget-all-target-headers.hmap -Xcc -iquote -Xcc /Users/amanpandey/Library/Developer/Xcode/DerivedData/Atria-ctrkttbxjrccqrezhykayorqtnwd/Build/Intermediates.noindex/Atria.build/Release-iphoneos/AtriaWidget.build/AtriaWidget-project-headers.hmap -Xcc -I/Users/amanpandey/Library/Developer/Xcode/DerivedData/Atria-ctrkttbxjrccqrezhykayorqtnwd/Build/Products/Release-iphoneos/include -Xcc -I/Users/amanpandey/Library/Developer/Xcode/DerivedData/Atria-ctrkttbxjrccqrezhykayorqtnwd/Build/Intermediates.noindex/Atria.build/Release-iphoneos/AtriaWidget.build/DerivedSources-normal/arm64 -Xcc -I/Users/amanpandey/Library/Developer/Xcode/DerivedData/Atria-ctrkttbxjrccqrezhykayorqtnwd/Build/Intermediates.noindex/Atria.build/Release-iphoneos/AtriaWidget.build/DerivedSources/arm64 -Xcc -I/Users/amanpandey/Library/Developer/Xcode/DerivedData/Atria-ctrkttbxjrccqrezhykayorqtnwd/Build/Intermediates.noindex/Atria.build/Release-iphoneos/AtriaWidget.build/DerivedSources -emit-objc-header -emit-objc-header-path /Users/amanpandey/Library/Developer/Xcode/DerivedData/Atria-ctrkttbxjrccqrezhykayorqtnwd/Build/Intermediates.noindex/Atria.build/Release-iphoneos/AtriaWidget.build/Objects-normal/arm64/AtriaWidget-Swift.h -working-directory /Users/amanpandey/projects/atria/Atria -no-emit-module-separately-wmo

SwiftDriver\ Compilation AtriaWidget normal arm64 com.apple.xcode.tools.swift.compiler (in target 'AtriaWidget' from project 'Atria')
    cd /Users/amanpandey/projects/atria/Atria
    builtin-Swift-Compilation -- /Applications/Xcode-beta.app/Contents/Developer/Toolchains/XcodeDefault.xctoolchain/usr/bin/swiftc -module-name AtriaWidget -O -whole-module-optimization @/Users/amanpandey/Library/Developer/Xcode/DerivedData/Atria-ctrkttbxjrccqrezhykayorqtnwd/Build/Intermediates.noindex/Atria.build/Release-iphoneos/AtriaWidget.build/Objects-normal/arm64/AtriaWidget.SwiftFileList -enable-bare-slash-regex -enable-experimental-feature DebugDescriptionMacro -sdk /Applications/Xcode-beta.app/Contents/Developer/Platforms/iPhoneOS.platform/Developer/SDKs/iPhoneOS27.0.sdk -target arm64-apple-ios26.1 -g -module-cache-path /Users/amanpandey/Library/Developer/Xcode/DerivedData/ModuleCache.noindex -Xfrontend -serialize-debugging-options -application-extension -swift-version 5 -I /Users/amanpandey/Library/Developer/Xcode/DerivedData/Atria-ctrkttbxjrccqrezhykayorqtnwd/Build/Products/Release-iphoneos -F /Users/amanpandey/Library/Developer/Xcode/DerivedData/Atria-ctrkttbxjrccqrezhykayorqtnwd/Build/Products/Release-iphoneos -emit-localized-strings -emit-localized-strings-path /Users/amanpandey/Library/Developer/Xcode/DerivedData/Atria-ctrkttbxjrccqrezhykayorqtnwd/Build/Intermediates.noindex/Atria.build/Release-iphoneos/AtriaWidget.build/Objects-normal/arm64 -c -num-threads 14 -Xcc -ivfsstatcache -Xcc /Users/amanpandey/Library/Developer/Xcode/DerivedData/SDKStatCaches.noindex/iphoneos27.0-24A5370g-ab8728d0c5b464cc751fe8b4b02b9db3.sdkstatcache -output-file-map /Users/amanpandey/Library/Developer/Xcode/DerivedData/Atria-ctrkttbxjrccqrezhykayorqtnwd/Build/Intermediates.noindex/Atria.build/Release-iphoneos/AtriaWidget.build/Objects-normal/arm64/AtriaWidget-OutputFileMap.json -save-temps -no-color-diagnostics -explicit-module-build -module-cache-path /Users/amanpandey/Library/Developer/Xcode/DerivedData/Atria-ctrkttbxjrccqrezhykayorqtnwd/Build/Intermediates.noindex/SwiftExplicitPrecompiledModules -clang-scanner-module-cache-path /Users/amanpandey/Library/Developer/Xcode/DerivedData/ModuleCache.noindex -sdk-module-cache-path /Users/amanpandey/Library/Developer/Xcode/DerivedData/ModuleCache.noindex -emit-dependencies -emit-module -emit-module-path /Users/amanpandey/Library/Developer/Xcode/DerivedData/Atria-ctrkttbxjrccqrezhykayorqtnwd/Build/Intermediates.noindex/Atria.build/Release-iphoneos/AtriaWidget.build/Objects-normal/arm64/AtriaWidget.swiftmodule -serialize-diagnostics -dependency-scan-serialize-diagnostics-path /Users/amanpandey/Library/Developer/Xcode/DerivedData/Atria-ctrkttbxjrccqrezhykayorqtnwd/Build/Intermediates.noindex/Atria.build/Release-iphoneos/AtriaWidget.build/Objects-normal/arm64/AtriaWidget-dependency-scan.dia -validate-clang-modules-once -clang-build-session-file /Users/amanpandey/Library/Developer/Xcode/DerivedData/ModuleCache.noindex/Session.modulevalidation -Xcc -fmodules-prune-interval\=86400 -Xcc -fmodules-prune-after\=345600 -emit-const-values -const-gather-protocols-list /Users/amanpandey/Library/Developer/Xcode/DerivedData/Atria-ctrkttbxjrccqrezhykayorqtnwd/Build/Intermediates.noindex/Atria.build/Release-iphoneos/AtriaWidget.build/Objects-normal/arm64/AtriaWidget_const_extract_protocols.json -Xcc -iquote -Xcc /Users/amanpandey/Library/Developer/Xcode/DerivedData/Atria-ctrkttbxjrccqrezhykayorqtnwd/Build/Intermediates.noindex/Atria.build/Release-iphoneos/AtriaWidget.build/AtriaWidget-generated-files.hmap -Xcc -I/Users/amanpandey/Library/Developer/Xcode/DerivedData/Atria-ctrkttbxjrccqrezhykayorqtnwd/Build/Intermediates.noindex/Atria.build/Release-iphoneos/AtriaWidget.build/AtriaWidget-own-target-headers.hmap -Xcc -I/Users/amanpandey/Library/Developer/Xcode/DerivedData/Atria-ctrkttbxjrccqrezhykayorqtnwd/Build/Intermediates.noindex/Atria.build/Release-iphoneos/AtriaWidget.build/AtriaWidget-all-target-headers.hmap -Xcc -iquote -Xcc /Users/amanpandey/Library/Developer/Xcode/DerivedData/Atria-ctrkttbxjrccqrezhykayorqtnwd/Build/Intermediates.noindex/Atria.build/Release-iphoneos/AtriaWidget.build/AtriaWidget-project-headers.hmap -Xcc -I/Users/amanpandey/Library/Developer/Xcode/DerivedData/Atria-ctrkttbxjrccqrezhykayorqtnwd/Build/Products/Release-iphoneos/include -Xcc -I/Users/amanpandey/Library/Developer/Xcode/DerivedData/Atria-ctrkttbxjrccqrezhykayorqtnwd/Build/Intermediates.noindex/Atria.build/Release-iphoneos/AtriaWidget.build/DerivedSources-normal/arm64 -Xcc -I/Users/amanpandey/Library/Developer/Xcode/DerivedData/Atria-ctrkttbxjrccqrezhykayorqtnwd/Build/Intermediates.noindex/Atria.build/Release-iphoneos/AtriaWidget.build/DerivedSources/arm64 -Xcc -I/Users/amanpandey/Library/Developer/Xcode/DerivedData/Atria-ctrkttbxjrccqrezhykayorqtnwd/Build/Intermediates.noindex/Atria.build/Release-iphoneos/AtriaWidget.build/DerivedSources -emit-objc-header -emit-objc-header-path /Users/amanpandey/Library/Developer/Xcode/DerivedData/Atria-ctrkttbxjrccqrezhykayorqtnwd/Build/Intermediates.noindex/Atria.build/Release-iphoneos/AtriaWidget.build/Objects-normal/arm64/AtriaWidget-Swift.h -working-directory /Users/amanpandey/projects/atria/Atria -no-emit-module-separately-wmo

SwiftExplicitDependencyGeneratePcm arm64 /Users/amanpandey/Library/Developer/Xcode/DerivedData/ModuleCache.noindex/DeveloperToolsSupport-4JZ35UUR3XWFB6172O44UWO4C.pcm

SwiftExplicitDependencyGeneratePcm arm64 /Users/amanpandey/Library/Developer/Xcode/DerivedData/ModuleCache.noindex/_AvailabilityInternal-68BCRT6M0ZO7OUYMZMGTGHTHW.pcm

SwiftExplicitDependencyGeneratePcm arm64 /Users/amanpandey/Library/Developer/Xcode/DerivedData/ModuleCache.noindex/ptrauth-D2ZGVT6DDPTKTTO7HO9543WZ0.pcm

SwiftExplicitDependencyGeneratePcm arm64 /Users/amanpandey/Library/Developer/Xcode/DerivedData/ModuleCache.noindex/ptrcheck-CQOSJ654YVNSCIN51SFHQKCFB.pcm

SwiftExplicitDependencyGeneratePcm arm64 /Users/amanpandey/Library/Developer/Xcode/DerivedData/ModuleCache.noindex/_Builtin_stdarg-BAZ7WXMEBX5VA5UCWNQ6D8BRZ.pcm

SwiftExplicitDependencyGeneratePcm arm64 /Users/amanpandey/Library/Developer/Xcode/DerivedData/ModuleCache.noindex/_Builtin_float-CZLEITXA3GN50JL5U4NEKEW7W.pcm

SwiftExplicitDependencyGeneratePcm arm64 /Users/amanpandey/Library/Developer/Xcode/DerivedData/ModuleCache.noindex/SwiftShims-4FAJ2CRL9H9JP5JHKOF6ZRZQF.pcm

SwiftExplicitDependencyGeneratePcm arm64 /Users/amanpandey/Library/Developer/Xcode/DerivedData/ModuleCache.noindex/_Builtin_stdbool-DILH3DKKJFL4I2BOQH61MAKSR.pcm

SwiftExplicitDependencyGeneratePcm arm64 /Users/amanpandey/Library/Developer/Xcode/DerivedData/ModuleCache.noindex/_SwiftConcurrencyShims-89J8KCGUZDZZ44CFX4YK0UFVS.pcm

SwiftExplicitDependencyGeneratePcm arm64 /Users/amanpandey/Library/Developer/Xcode/DerivedData/ModuleCache.noindex/ActivityKit-664GIA5REJB3ZGPVF3O43MK4A.pcm

SwiftExplicitDependencyGeneratePcm arm64 /Users/amanpandey/Library/Developer/Xcode/DerivedData/ModuleCache.noindex/_Builtin_stddef-9K3HTRAME5Y5M7OCU60ZNGEMJ.pcm

SwiftExplicitDependencyGeneratePcm arm64 /Users/amanpandey/Library/Developer/Xcode/DerivedData/ModuleCache.noindex/_DarwinFoundation1-CNKS6ZRXKND479D0GYJ8Z6BMM.pcm

SwiftExplicitDependencyGeneratePcm arm64 /Users/amanpandey/Library/Developer/Xcode/DerivedData/ModuleCache.noindex/_DarwinFoundation2-BV2HH3JOIPRR2DXTHLEMNY29D.pcm

SwiftExplicitDependencyGeneratePcm arm64 /Users/amanpandey/Library/Developer/Xcode/DerivedData/ModuleCache.noindex/ExtensionFoundation-CGJBS7JHXXI6RJWT1TSKYWU3Q.pcm

SwiftExplicitDependencyGeneratePcm arm64 /Users/amanpandey/Library/Developer/Xcode/DerivedData/ModuleCache.noindex/_Builtin_limits-6WLHV9M2EM29BJ9MUOR156BNE.pcm

SwiftExplicitDependencyGeneratePcm arm64 /Users/amanpandey/Library/Developer/Xcode/DerivedData/ModuleCache.noindex/sys_types-3HVMG1XYBHOCNRBAPVVKGK0CA.pcm

SwiftExplicitDependencyGeneratePcm arm64 /Users/amanpandey/Library/Developer/Xcode/DerivedData/ModuleCache.noindex/_Builtin_stdint-6TZVVKCOCNK7Q7ND2CSVQNRKW.pcm

SwiftExplicitDependencyGeneratePcm arm64 /Users/amanpandey/Library/Developer/Xcode/DerivedData/ModuleCache.noindex/_Builtin_tgmath-DRHPYBLJ3TA5O0RT9M2CECYLB.pcm

SwiftExplicitDependencyGeneratePcm arm64 /Users/amanpandey/Library/Developer/Xcode/DerivedData/ModuleCache.noindex/string_h-7187UE14BIPO88D8CQZMHX6R4.pcm

SwiftExplicitDependencyGeneratePcm arm64 /Users/amanpandey/Library/Developer/Xcode/DerivedData/ModuleCache.noindex/_Builtin_intrinsics-8M1IPSO7ZDFOIT6PCZJ1SCT54.pcm

SwiftExplicitDependencyGeneratePcm arm64 /Users/amanpandey/Library/Developer/Xcode/DerivedData/ModuleCache.noindex/_Builtin_stdatomic-EL3YT9LEG78INR8QLQTZ7KSB0.pcm

SwiftExplicitDependencyGeneratePcm arm64 /Users/amanpandey/Library/Developer/Xcode/DerivedData/ModuleCache.noindex/_DarwinFoundation3-8AXDQBMU2IZNGR6VU7HXVIXPE.pcm

SwiftExplicitDependencyGeneratePcm arm64 /Users/amanpandey/Library/Developer/Xcode/DerivedData/ModuleCache.noindex/_Builtin_inttypes-5FGM6QMYTJ211256EG4KERL2Z.pcm

SwiftExplicitDependencyGeneratePcm arm64 /Users/amanpandey/Library/Developer/Xcode/DerivedData/ModuleCache.noindex/Darwin-5DOPHMEVGDDUMJGWKV5KDT5P7.pcm

SwiftExplicitDependencyGeneratePcm arm64 /Users/amanpandey/Library/Developer/Xcode/DerivedData/ModuleCache.noindex/simd-5272KLYJKWUQ9OTJ10H2TLPBG.pcm

SwiftExplicitDependencyGeneratePcm arm64 /Users/amanpandey/Library/Developer/Xcode/DerivedData/ModuleCache.noindex/ObjectiveC-1WRZB7LV4CZ1T0E3H43EB8AE.pcm

SwiftExplicitDependencyGeneratePcm arm64 /Users/amanpandey/Library/Developer/Xcode/DerivedData/ModuleCache.noindex/MachO-DV07WX9KXZJFYFG2F9LD13XFS.pcm

SwiftExplicitDependencyGeneratePcm arm64 /Users/amanpandey/Library/Developer/Xcode/DerivedData/ModuleCache.noindex/os_object-DKHKGJ5FCSX490EQVB9JBR3TL.pcm

SwiftExplicitDependencyGeneratePcm arm64 /Users/amanpandey/Library/Developer/Xcode/DerivedData/ModuleCache.noindex/Spatial-BWLTD438G1NL26YOTVH7142HK.pcm

SwiftExplicitDependencyGeneratePcm arm64 /Users/amanpandey/Library/Developer/Xcode/DerivedData/ModuleCache.noindex/os_workgroup-8E6HQKYAJRRFVKHP1NMU9BM7P.pcm

SwiftExplicitDependencyGeneratePcm arm64 /Users/amanpandey/Library/Developer/Xcode/DerivedData/ModuleCache.noindex/Dispatch-6U3PP7UTMGQPA15K1ETUXI3K7.pcm

SwiftExplicitDependencyGeneratePcm arm64 /Users/amanpandey/Library/Developer/Xcode/DerivedData/ModuleCache.noindex/XPC-2FWW6LOIS5AT4PI6ZN6KHCO0L.pcm

SwiftExplicitDependencyGeneratePcm arm64 /Users/amanpandey/Library/Developer/Xcode/DerivedData/ModuleCache.noindex/CoreFoundation-DI29XDY655UPDA383OXANRUVM.pcm

SwiftExplicitDependencyGeneratePcm arm64 /Users/amanpandey/Library/Developer/Xcode/DerivedData/ModuleCache.noindex/dnssd-7HL2ZDONTJUG0EDVVYK3Z5MLB.pcm

SwiftExplicitDependencyGeneratePcm arm64 /Users/amanpandey/Library/Developer/Xcode/DerivedData/ModuleCache.noindex/os-AGAZLQANFUSGWDOFJ8008GLQM.pcm

SwiftExplicitDependencyGeneratePcm arm64 /Users/amanpandey/Library/Developer/Xcode/DerivedData/ModuleCache.noindex/CFNetwork-EDI3HXV5JWMTBFWR8WMO5M17U.pcm

SwiftExplicitDependencyGeneratePcm arm64 /Users/amanpandey/Library/Developer/Xcode/DerivedData/ModuleCache.noindex/CoreAudioTypes-79OENMZECLZRE6CHS6U13T22U.pcm

SwiftExplicitDependencyGeneratePcm arm64 /Users/amanpandey/Library/Developer/Xcode/DerivedData/ModuleCache.noindex/CoreGraphics-BCNZUHT80XDSJOHZBE6RYSGFY.pcm

SwiftExplicitDependencyGeneratePcm arm64 /Users/amanpandey/Library/Developer/Xcode/DerivedData/ModuleCache.noindex/Security-7Y4YFWPL18L8IYXOKALIKRHGE.pcm

SwiftExplicitDependencyGeneratePcm arm64 /Users/amanpandey/Library/Developer/Xcode/DerivedData/ModuleCache.noindex/CoreAudio-9KNPVM32GDZTX7Z5M8KS358BA.pcm

SwiftExplicitDependencyGeneratePcm arm64 /Users/amanpandey/Library/Developer/Xcode/DerivedData/ModuleCache.noindex/Foundation-4PGLZMWVR0V0MRUAQ44HWVGON.pcm

SwiftExplicitDependencyGeneratePcm arm64 /Users/amanpandey/Library/Developer/Xcode/DerivedData/ModuleCache.noindex/ImageIO-2VVCSHZCP78N483SDHUDB1O08.pcm

SwiftExplicitDependencyGeneratePcm arm64 /Users/amanpandey/Library/Developer/Xcode/DerivedData/ModuleCache.noindex/CoreText-AIX3271XOTR1AIAUD3Y9I4U56.pcm

SwiftExplicitDependencyGeneratePcm arm64 /Users/amanpandey/Library/Developer/Xcode/DerivedData/ModuleCache.noindex/Accessibility-B9YYIP1ZHN43RDCUQ9QYCOXNU.pcm

SwiftExplicitDependencyGeneratePcm arm64 /Users/amanpandey/Library/Developer/Xcode/DerivedData/ModuleCache.noindex/WidgetKit-O8MYWNVJAKWJEMWIDW0YQZD7.pcm

SwiftExplicitDependencyGeneratePcm arm64 /Users/amanpandey/Library/Developer/Xcode/DerivedData/ModuleCache.noindex/CoreData-3UMF5M0J8ER3Z9I503RIE0EK1.pcm

SwiftExplicitDependencyGeneratePcm arm64 /Users/amanpandey/Library/Developer/Xcode/DerivedData/ModuleCache.noindex/UIUtilities-54P5QCI20XF51PREHX95767VK.pcm

SwiftExplicitDependencyGeneratePcm arm64 /Users/amanpandey/Library/Developer/Xcode/DerivedData/ModuleCache.noindex/AppIntents-5VN99D1VHX9CMOY5T489ENPM4.pcm

SwiftExplicitDependencyGeneratePcm arm64 /Users/amanpandey/Library/Developer/Xcode/DerivedData/ModuleCache.noindex/Network-C4WEJLRV2U3O0EZ94JJS2217G.pcm

SwiftExplicitDependencyGeneratePcm arm64 /Users/amanpandey/Library/Developer/Xcode/DerivedData/ModuleCache.noindex/DataDetection-AC64M2U3K8RW5KJOJDTT5RV0D.pcm

SwiftExplicitDependencyGeneratePcm arm64 /Users/amanpandey/Library/Developer/Xcode/DerivedData/ModuleCache.noindex/RelevanceKit-ANJTBPPW6KHN8QHXLMXP79ICL.pcm

SwiftExplicitDependencyGeneratePcm arm64 /Users/amanpandey/Library/Developer/Xcode/DerivedData/ModuleCache.noindex/Symbols-68DFLSEVWEMADC2ERBVGT3K28.pcm

SwiftExplicitDependencyGeneratePcm arm64 /Users/amanpandey/Library/Developer/Xcode/DerivedData/ModuleCache.noindex/IOSurface-ANZOVAWQCQEVCLVDOATKUZD56.pcm

SwiftExplicitDependencyGeneratePcm arm64 /Users/amanpandey/Library/Developer/Xcode/DerivedData/ModuleCache.noindex/OSLog-5554GQLEKWB2MG4L4MUQIDXPI.pcm

SwiftExplicitDependencyGeneratePcm arm64 /Users/amanpandey/Library/Developer/Xcode/DerivedData/ModuleCache.noindex/AppIntentsTypeSupport-A8W2J4YPQQI03K7MWBHV0PRHP.pcm

SwiftExplicitDependencyGeneratePcm arm64 /Users/amanpandey/Library/Developer/Xcode/DerivedData/ModuleCache.noindex/FileProvider-64CE05XJQ86SWUA9KM9D84KSZ.pcm

SwiftExplicitDependencyGeneratePcm arm64 /Users/amanpandey/Library/Developer/Xcode/DerivedData/ModuleCache.noindex/_LocationEssentials-BWCIG8W0UF2SIDC1KNIHUCNSL.pcm

SwiftExplicitDependencyGeneratePcm arm64 /Users/amanpandey/Library/Developer/Xcode/DerivedData/ModuleCache.noindex/CoreTransferable-AGBJUBYYTRWMI2SQCE8TMJOEO.pcm

SwiftExplicitDependencyGeneratePcm arm64 /Users/amanpandey/Library/Developer/Xcode/DerivedData/ModuleCache.noindex/UserNotifications-6IBOCQX936OT083D9WQN0O5KO.pcm

SwiftExplicitDependencyGeneratePcm arm64 /Users/amanpandey/Library/Developer/Xcode/DerivedData/ModuleCache.noindex/UniformTypeIdentifiers-LU7LDU4WKCT52HGG9MEXV3BF.pcm

SwiftExplicitDependencyGeneratePcm arm64 /Users/amanpandey/Library/Developer/Xcode/DerivedData/ModuleCache.noindex/OpenGLES-3I98EUI6P0O7XR2VUZ7MWB2UQ.pcm

SwiftExplicitDependencyGeneratePcm arm64 /Users/amanpandey/Library/Developer/Xcode/DerivedData/ModuleCache.noindex/Metal-2DLWXX1HGNPONE5BVXUSL8S9D.pcm

SwiftExplicitDependencyGeneratePcm arm64 /Users/amanpandey/Library/Developer/Xcode/DerivedData/ModuleCache.noindex/CoreLocation-9W0J4ZDRWU013O2GJUI1IAWPR.pcm

SwiftExplicitDependencyGeneratePcm arm64 /Users/amanpandey/Library/Developer/Xcode/DerivedData/ModuleCache.noindex/CoreSpotlight-CZ7BH4IZ5RA4S83S3SI2CDTA4.pcm

SwiftExplicitDependencyGeneratePcm arm64 /Users/amanpandey/Library/Developer/Xcode/DerivedData/ModuleCache.noindex/CoreMotion-7QQ5CPQTKMCCQAYETKQNLMI4R.pcm

SwiftExplicitDependencyGeneratePcm arm64 /Users/amanpandey/Library/Developer/Xcode/DerivedData/ModuleCache.noindex/Intents-QE9FLA70UB644MHKC631N802.pcm

SwiftExplicitDependencyGeneratePcm arm64 /Users/amanpandey/Library/Developer/Xcode/DerivedData/ModuleCache.noindex/CoreVideo-CVZZRB2EMH1AK3CJCDWKSF5JI.pcm

SwiftExplicitDependencyGeneratePcm arm64 /Users/amanpandey/Library/Developer/Xcode/DerivedData/ModuleCache.noindex/CoreImage-6MXFXN1FJ4GC8WYT2ZYSC0HPL.pcm

SwiftExplicitDependencyGeneratePcm arm64 /Users/amanpandey/Library/Developer/Xcode/DerivedData/ModuleCache.noindex/QuartzCore-6SZVA8KLI8KAD0P0XO3SGNCR3.pcm

SwiftExplicitDependencyGeneratePcm arm64 /Users/amanpandey/Library/Developer/Xcode/DerivedData/ModuleCache.noindex/CoreMedia-26OZO8UZDPASRA8ZZE56NM09F.pcm

SwiftExplicitDependencyGeneratePcm arm64 /Users/amanpandey/Library/Developer/Xcode/DerivedData/ModuleCache.noindex/SwiftUICore-8YB08AYV504SHSDUW2DBJILH2.pcm

SwiftExplicitDependencyGeneratePcm arm64 /Users/amanpandey/Library/Developer/Xcode/DerivedData/ModuleCache.noindex/UIKit-HPQFJQ2MHGSZTAPELM7V01DH.pcm

SwiftExplicitDependencyGeneratePcm arm64 /Users/amanpandey/Library/Developer/Xcode/DerivedData/ModuleCache.noindex/SwiftUI-4NKSGGPNT0BQUY9NC3QMB2OUB.pcm

SwiftCompile normal arm64 Compiling\ AtriaControlIntents.swift,\ AtriaLiveActivityAttributes.swift,\ AtriaWidget.swift /Users/amanpandey/projects/atria/Atria/AtriaWidget/AtriaControlIntents.swift /Users/amanpandey/projects/atria/Atria/AtriaWidget/AtriaLiveActivityAttributes.swift /Users/amanpandey/projects/atria/Atria/AtriaWidget/AtriaWidget.swift /Applications/Xcode-beta.app/Contents/Developer/Toolchains/XcodeDefault.xctoolchain/usr/lib/swift/iphoneos/prebuilt-modules/27.0/Dispatch.swiftmodule/arm64e-apple-ios.swiftmodule /Applications/Xcode-beta.app/Contents/Developer/Toolchains/XcodeDefault.xctoolchain/usr/lib/swift/iphoneos/prebuilt-modules/27.0/CoreSpotlight.swiftmodule/arm64e-apple-ios.swiftmodule /Applications/Xcode-beta.app/Contents/Developer/Toolchains/XcodeDefault.xctoolchain/usr/lib/swift/iphoneos/prebuilt-modules/27.0/Distributed.swiftmodule/arm64e-apple-ios.swiftmodule /Applications/Xcode-beta.app/Contents/Developer/Toolchains/XcodeDefault.xctoolchain/usr/lib/swift/iphoneos/prebuilt-modules/27.0/Observation.swiftmodule/arm64e-apple-ios.swiftmodule /Applications/Xcode-beta.app/Contents/Developer/Toolchains/XcodeDefault.xctoolchain/usr/lib/swift/iphoneos/prebuilt-modules/27.0/CoreFoundation.swiftmodule/arm64e-apple-ios.swiftmodule /Applications/Xcode-beta.app/Contents/Developer/Toolchains/XcodeDefault.xctoolchain/usr/lib/swift/iphoneos/prebuilt-modules/27.0/Intents.swiftmodule/arm64e-apple-ios.swiftmodule /Applications/Xcode-beta.app/Contents/Developer/Toolchains/XcodeDefault.xctoolchain/usr/lib/swift/iphoneos/prebuilt-modules/27.0/CoreVideo.swiftmodule/arm64e-apple-ios.swiftmodule /Applications/Xcode-beta.app/Contents/Developer/Toolchains/XcodeDefault.xctoolchain/usr/lib/swift/iphoneos/prebuilt-modules/27.0/WidgetKit.swiftmodule/arm64e-apple-ios.swiftmodule /Applications/Xcode-beta.app/Contents/Developer/Toolchains/XcodeDefault.xctoolchain/usr/lib/swift/iphoneos/prebuilt-modules/27.0/_DarwinFoundation2.swiftmodule/arm64e-apple-ios.swiftmodule /Applications/Xcode-beta.app/Contents/Developer/Toolchains/XcodeDefault.xctoolchain/usr/lib/swift/iphoneos/prebuilt-modules/27.0/ExtensionFoundation.swiftmodule/arm64e-apple-ios.swiftmodule /Applications/Xcode-beta.app/Contents/Developer/Toolchains/XcodeDefault.xctoolchain/usr/lib/swift/iphoneos/prebuilt-modules/27.0/AppIntentsTypeSupport.swiftmodule/arm64e-apple-ios.swiftmodule /Applications/Xcode-beta.app/Contents/Developer/Toolchains/XcodeDefault.xctoolchain/usr/lib/swift/iphoneos/prebuilt-modules/27.0/Network.swiftmodule/arm64e-apple-ios.swiftmodule /Applications/Xcode-beta.app/Contents/Developer/Toolchains/XcodeDefault.xctoolchain/usr/lib/swift/iphoneos/prebuilt-modules/27.0/Darwin.swiftmodule/arm64e-apple-ios.swiftmodule /Applications/Xcode-beta.app/Contents/Developer/Toolchains/XcodeDefault.xctoolchain/usr/lib/swift/iphoneos/prebuilt-modules/27.0/XPC.swiftmodule/arm64e-apple-ios.swiftmodule /Applications/Xcode-beta.app/Contents/Developer/Toolchains/XcodeDefault.xctoolchain/usr/lib/swift/iphoneos/prebuilt-modules/27.0/CoreGraphics.swiftmodule/arm64e-apple-ios.swiftmodule /Applications/Xcode-beta.app/Contents/Developer/Toolchains/XcodeDefault.xctoolchain/usr/lib/swift/iphoneos/prebuilt-modules/27.0/Foundation.swiftmodule/arm64e-apple-ios.swiftmodule /Applications/Xcode-beta.app/Contents/Developer/Toolchains/XcodeDefault.xctoolchain/usr/lib/swift/iphoneos/prebuilt-modules/27.0/_DarwinFoundation3.swiftmodule/arm64e-apple-ios.swiftmodule /Applications/Xcode-beta.app/Contents/Developer/Toolchains/XcodeDefault.xctoolchain/usr/lib/swift/iphoneos/prebuilt-modules/27.0/DeveloperToolsSupport.swiftmodule/arm64e-apple-ios.swiftmodule /Applications/Xcode-beta.app/Contents/Developer/Toolchains/XcodeDefault.xctoolchain/usr/lib/swift/iphoneos/prebuilt-modules/27.0/simd.swiftmodule/arm64e-apple-ios.swiftmodule /Applications/Xcode-beta.app/Contents/Developer/Toolchains/XcodeDefault.xctoolchain/usr/lib/swift/iphoneos/prebuilt-modules/27.0/UniformTypeIdentifiers.swiftmodule/arm64e-apple-ios.swiftmodule /Applications/Xcode-beta.app/Contents/Developer/Toolchains/XcodeDefault.xctoolchain/usr/lib/swift/iphoneos/prebuilt-modules/27.0/CoreLocation.swiftmodule/arm64e-apple-ios.swiftmodule /Applications/Xcode-beta.app/Contents/Developer/Toolchains/XcodeDefault.xctoolchain/usr/lib/swift/iphoneos/prebuilt-modules/27.0/LightweightCodeRequirements.swiftmodule/arm64e-apple-ios.swiftmodule /Applications/Xcode-beta.app/Contents/Developer/Toolchains/XcodeDefault.xctoolchain/usr/lib/swift/iphoneos/prebuilt-modules/27.0/CoreTransferable.swiftmodule/arm64e-apple-ios.swiftmodule /Applications/Xcode-beta.app/Contents/Developer/Toolchains/XcodeDefault.xctoolchain/usr/lib/swift/iphoneos/prebuilt-modules/27.0/DataDetection.swiftmodule/arm64e-apple-ios.swiftmodule /Applications/Xcode-beta.app/Contents/Developer/Toolchains/XcodeDefault.xctoolchain/usr/lib/swift/iphoneos/prebuilt-modules/27.0/os.swiftmodule/arm64e-apple-ios.swiftmodule /Applications/Xcode-beta.app/Contents/Developer/Toolchains/XcodeDefault.xctoolchain/usr/lib/swift/iphoneos/prebuilt-modules/27.0/Metal.swiftmodule/arm64e-apple-ios.swiftmodule /Applications/Xcode-beta.app/Contents/Developer/Toolchains/XcodeDefault.xctoolchain/usr/lib/swift/iphoneos/prebuilt-modules/27.0/Symbols.swiftmodule/arm64e-apple-ios.swiftmodule /Applications/Xcode-beta.app/Contents/Developer/Toolchains/XcodeDefault.xctoolchain/usr/lib/swift/iphoneos/prebuilt-modules/27.0/_StringProcessing.swiftmodule/arm64e-apple-ios.swiftmodule /Applications/Xcode-beta.app/Contents/Developer/Toolchains/XcodeDefault.xctoolchain/usr/lib/swift/iphoneos/prebuilt-modules/27.0/Spatial.swiftmodule/arm64e-apple-ios.swiftmodule /Applications/Xcode-beta.app/Contents/Developer/Toolchains/XcodeDefault.xctoolchain/usr/lib/swift/iphoneos/prebuilt-modules/27.0/OSLog.swiftmodule/arm64e-apple-ios.swiftmodule /Applications/Xcode-beta.app/Contents/Developer/Toolchains/XcodeDefault.xctoolchain/usr/lib/swift/iphoneos/prebuilt-modules/27.0/FileProvider.swiftmodule/arm64e-apple-ios.swiftmodule /Applications/Xcode-beta.app/Contents/Developer/Toolchains/XcodeDefault.xctoolchain/usr/lib/swift/iphoneos/prebuilt-modules/27.0/Combine.swiftmodule/arm64e-apple-ios.swiftmodule /Applications/Xcode-beta.app/Contents/Developer/Toolchains/XcodeDefault.xctoolchain/usr/lib/swift/iphoneos/prebuilt-modules/27.0/_Concurrency.swiftmodule/arm64e-apple-ios.swiftmodule /Applications/Xcode-beta.app/Contents/Developer/Toolchains/XcodeDefault.xctoolchain/usr/lib/swift/iphoneos/prebuilt-modules/27.0/CoreData.swiftmodule/arm64e-apple-ios.swiftmodule /Applications/Xcode-beta.app/Contents/Developer/Toolchains/XcodeDefault.xctoolchain/usr/lib/swift/iphoneos/prebuilt-modules/27.0/CoreMedia.swiftmodule/arm64e-apple-ios.swiftmodule /Applications/Xcode-beta.app/Contents/Developer/Toolchains/XcodeDefault.xctoolchain/usr/lib/swift/iphoneos/prebuilt-modules/27.0/Accessibility.swiftmodule/arm64e-apple-ios.swiftmodule /Applications/Xcode-beta.app/Contents/Developer/Toolchains/XcodeDefault.xctoolchain/usr/lib/swift/iphoneos/prebuilt-modules/27.0/ObjectiveC.swiftmodule/arm64e-apple-ios.swiftmodule /Applications/Xcode-beta.app/Contents/Developer/Toolchains/XcodeDefault.xctoolchain/usr/lib/swift/iphoneos/prebuilt-modules/27.0/_Builtin_float.swiftmodule/arm64e-apple-ios.swiftmodule /Applications/Xcode-beta.app/Contents/Developer/Toolchains/XcodeDefault.xctoolchain/usr/lib/swift/iphoneos/prebuilt-modules/27.0/ActivityKit.swiftmodule/arm64e-apple-ios.swiftmodule /Applications/Xcode-beta.app/Contents/Developer/Toolchains/XcodeDefault.xctoolchain/usr/lib/swift/iphoneos/prebuilt-modules/27.0/QuartzCore.swiftmodule/arm64e-apple-ios.swiftmodule /Applications/Xcode-beta.app/Contents/Developer/Toolchains/XcodeDefault.xctoolchain/usr/lib/swift/iphoneos/prebuilt-modules/27.0/CoreAudio.swiftmodule/arm64e-apple-ios.swiftmodule /Applications/Xcode-beta.app/Contents/Developer/Toolchains/XcodeDefault.xctoolchain/usr/lib/swift/iphoneos/prebuilt-modules/27.0/_DarwinFoundation1.swiftmodule/arm64e-apple-ios.swiftmodule /Applications/Xcode-beta.app/Contents/Developer/Toolchains/XcodeDefault.xctoolchain/usr/lib/swift/iphoneos/prebuilt-modules/27.0/CoreMotion.swiftmodule/arm64e-apple-ios.swiftmodule /Applications/Xcode-beta.app/Contents/Developer/Toolchains/XcodeDefault.xctoolchain/usr/lib/swift/iphoneos/prebuilt-modules/27.0/UIKit.swiftmodule/arm64e-apple-ios.swiftmodule /Applications/Xcode-beta.app/Contents/Developer/Toolchains/XcodeDefault.xctoolchain/usr/lib/swift/iphoneos/prebuilt-modules/27.0/ImageIO.swiftmodule/arm64e-apple-ios.swiftmodule /Applications/Xcode-beta.app/Contents/Developer/Toolchains/XcodeDefault.xctoolchain/usr/lib/swift/iphoneos/prebuilt-modules/27.0/System.swiftmodule/arm64e-apple-ios.swiftmodule /Applications/Xcode-beta.app/Contents/Developer/Toolchains/XcodeDefault.xctoolchain/usr/lib/swift/iphoneos/prebuilt-modules/27.0/Swift.swiftmodule/arm64e-apple-ios.swiftmodule /Applications/Xcode-beta.app/Contents/Developer/Toolchains/XcodeDefault.xctoolchain/usr/lib/swift/iphoneos/prebuilt-modules/27.0/SwiftUI.swiftmodule/arm64e-apple-ios.swiftmodule /Applications/Xcode-beta.app/Contents/Developer/Toolchains/XcodeDefault.xctoolchain/usr/lib/swift/iphoneos/prebuilt-modules/27.0/CoreText.swiftmodule/arm64e-apple-ios.swiftmodule /Applications/Xcode-beta.app/Contents/Developer/Toolchains/XcodeDefault.xctoolchain/usr/lib/swift/iphoneos/prebuilt-modules/27.0/CoreImage.swiftmodule/arm64e-apple-ios.swiftmodule /Applications/Xcode-beta.app/Contents/Developer/Toolchains/XcodeDefault.xctoolchain/usr/lib/swift/iphoneos/prebuilt-modules/27.0/_AppIntents_SwiftUI.swiftmodule/arm64e-apple-ios.swiftmodule /Applications/Xcode-beta.app/Contents/Developer/Toolchains/XcodeDefault.xctoolchain/usr/lib/swift/iphoneos/prebuilt-modules/27.0/SwiftUICore.swiftmodule/arm64e-apple-ios.swiftmodule /Applications/Xcode-beta.app/Contents/Developer/Toolchains/XcodeDefault.xctoolchain/usr/lib/swift/iphoneos/prebuilt-modules/27.0/RelevanceKit.swiftmodule/arm64e-apple-ios.swiftmodule /Applications/Xcode-beta.app/Contents/Developer/Toolchains/XcodeDefault.xctoolchain/usr/lib/swift/iphoneos/prebuilt-modules/27.0/AppIntents.swiftmodule/arm64e-apple-ios.swiftmodule /Users/amanpandey/Library/Developer/Xcode/DerivedData/ModuleCache.noindex/DataDetection-AC64M2U3K8RW5KJOJDTT5RV0D.pcm /Users/amanpandey/Library/Developer/Xcode/DerivedData/ModuleCache.noindex/_Builtin_limits-6WLHV9M2EM29BJ9MUOR156BNE.pcm /Users/amanpandey/Library/Developer/Xcode/DerivedData/ModuleCache.noindex/Network-C4WEJLRV2U3O0EZ94JJS2217G.pcm /Users/amanpandey/Library/Developer/Xcode/DerivedData/ModuleCache.noindex/Spatial-BWLTD438G1NL26YOTVH7142HK.pcm /Users/amanpandey/Library/Developer/Xcode/DerivedData/ModuleCache.noindex/CoreSpotlight-CZ7BH4IZ5RA4S83S3SI2CDTA4.pcm /Users/amanpandey/Library/Developer/Xcode/DerivedData/ModuleCache.noindex/Foundation-4PGLZMWVR0V0MRUAQ44HWVGON.pcm /Users/amanpandey/Library/Developer/Xcode/DerivedData/ModuleCache.noindex/_Builtin_stdbool-DILH3DKKJFL4I2BOQH61MAKSR.pcm /Users/amanpandey/Library/Developer/Xcode/DerivedData/ModuleCache.noindex/OSLog-5554GQLEKWB2MG4L4MUQIDXPI.pcm /Users/amanpandey/Library/Developer/Xcode/DerivedData/ModuleCache.noindex/ObjectiveC-1WRZB7LV4CZ1T0E3H43EB8AE.pcm /Users/amanpandey/Library/Developer/Xcode/DerivedData/ModuleCache.noindex/SwiftUI-4NKSGGPNT0BQUY9NC3QMB2OUB.pcm /Users/amanpandey/Library/Developer/Xcode/DerivedData/ModuleCache.noindex/_Builtin_intrinsics-8M1IPSO7ZDFOIT6PCZJ1SCT54.pcm /Users/amanpandey/Library/Developer/Xcode/DerivedData/ModuleCache.noindex/_Builtin_float-CZLEITXA3GN50JL5U4NEKEW7W.pcm /Users/amanpandey/Library/Developer/Xcode/DerivedData/ModuleCache.noindex/CoreLocation-9W0J4ZDRWU013O2GJUI1IAWPR.pcm /Users/amanpandey/Library/Developer/Xcode/DerivedData/ModuleCache.noindex/CoreVideo-CVZZRB2EMH1AK3CJCDWKSF5JI.pcm /Users/amanpandey/Library/Developer/Xcode/DerivedData/ModuleCache.noindex/CoreMotion-7QQ5CPQTKMCCQAYETKQNLMI4R.pcm /Users/amanpandey/Library/Developer/Xcode/DerivedData/ModuleCache.noindex/ImageIO-2VVCSHZCP78N483SDHUDB1O08.pcm /Users/amanpandey/Library/Developer/Xcode/DerivedData/ModuleCache.noindex/sys_types-3HVMG1XYBHOCNRBAPVVKGK0CA.pcm /Users/amanpandey/Library/Developer/Xcode/DerivedData/ModuleCache.noindex/_Builtin_stdatomic-EL3YT9LEG78INR8QLQTZ7KSB0.pcm /Users/amanpandey/Library/Developer/Xcode/DerivedData/ModuleCache.noindex/CoreText-AIX3271XOTR1AIAUD3Y9I4U56.pcm /Users/amanpandey/Library/Developer/Xcode/DerivedData/ModuleCache.noindex/Dispatch-6U3PP7UTMGQPA15K1ETUXI3K7.pcm /Users/amanpandey/Library/Developer/Xcode/DerivedData/ModuleCache.noindex/string_h-7187UE14BIPO88D8CQZMHX6R4.pcm /Users/amanpandey/Library/Developer/Xcode/DerivedData/ModuleCache.noindex/_DarwinFoundation3-8AXDQBMU2IZNGR6VU7HXVIXPE.pcm /Users/amanpandey/Library/Developer/Xcode/DerivedData/ModuleCache.noindex/ptrcheck-CQOSJ654YVNSCIN51SFHQKCFB.pcm /Users/amanpandey/Library/Developer/Xcode/DerivedData/ModuleCache.noindex/os_object-DKHKGJ5FCSX490EQVB9JBR3TL.pcm /Users/amanpandey/Library/Developer/Xcode/DerivedData/ModuleCache.noindex/os-AGAZLQANFUSGWDOFJ8008GLQM.pcm /Users/amanpandey/Library/Developer/Xcode/DerivedData/ModuleCache.noindex/Accessibility-B9YYIP1ZHN43RDCUQ9QYCOXNU.pcm /Users/amanpandey/Library/Developer/Xcode/DerivedData/ModuleCache.noindex/dnssd-7HL2ZDONTJUG0EDVVYK3Z5MLB.pcm /Users/amanpandey/Library/Developer/Xcode/DerivedData/ModuleCache.noindex/CoreData-3UMF5M0J8ER3Z9I503RIE0EK1.pcm /Users/amanpandey/Library/Developer/Xcode/DerivedData/ModuleCache.noindex/AppIntentsTypeSupport-A8W2J4YPQQI03K7MWBHV0PRHP.pcm /Users/amanpandey/Library/Developer/Xcode/DerivedData/ModuleCache.noindex/CoreTransferable-AGBJUBYYTRWMI2SQCE8TMJOEO.pcm /Users/amanpandey/Library/Developer/Xcode/DerivedData/ModuleCache.noindex/UserNotifications-6IBOCQX936OT083D9WQN0O5KO.pcm /Users/amanpandey/Library/Developer/Xcode/DerivedData/ModuleCache.noindex/DeveloperToolsSupport-4JZ35UUR3XWFB6172O44UWO4C.pcm /Users/amanpandey/Library/Developer/Xcode/DerivedData/ModuleCache.noindex/OpenGLES-3I98EUI6P0O7XR2VUZ7MWB2UQ.pcm /Users/amanpandey/Library/Developer/Xcode/DerivedData/ModuleCache.noindex/SwiftShims-4FAJ2CRL9H9JP5JHKOF6ZRZQF.pcm /Users/amanpandey/Library/Developer/Xcode/DerivedData/ModuleCache.noindex/_LocationEssentials-BWCIG8W0UF2SIDC1KNIHUCNSL.pcm /Users/amanpandey/Library/Developer/Xcode/DerivedData/ModuleCache.noindex/CoreAudioTypes-79OENMZECLZRE6CHS6U13T22U.pcm /Users/amanpandey/Library/Developer/Xcode/DerivedData/ModuleCache.noindex/MachO-DV07WX9KXZJFYFG2F9LD13XFS.pcm /Users/amanpandey/Library/Developer/Xcode/DerivedData/ModuleCache.noindex/simd-5272KLYJKWUQ9OTJ10H2TLPBG.pcm /Users/amanpandey/Library/Developer/Xcode/DerivedData/ModuleCache.noindex/_SwiftConcurrencyShims-89J8KCGUZDZZ44CFX4YK0UFVS.pcm /Users/amanpandey/Library/Developer/Xcode/DerivedData/ModuleCache.noindex/UIUtilities-54P5QCI20XF51PREHX95767VK.pcm /Users/amanpandey/Library/Developer/Xcode/DerivedData/ModuleCache.noindex/_Builtin_inttypes-5FGM6QMYTJ211256EG4KERL2Z.pcm /Users/amanpandey/Library/Developer/Xcode/DerivedData/ModuleCache.noindex/_DarwinFoundation1-CNKS6ZRXKND479D0GYJ8Z6BMM.pcm /Users/amanpandey/Library/Developer/Xcode/DerivedData/ModuleCache.noindex/_AvailabilityInternal-68BCRT6M0ZO7OUYMZMGTGHTHW.pcm /Users/amanpandey/Library/Developer/Xcode/DerivedData/ModuleCache.noindex/FileProvider-64CE05XJQ86SWUA9KM9D84KSZ.pcm /Users/amanpandey/Library/Developer/Xcode/DerivedData/ModuleCache.noindex/CoreFoundation-DI29XDY655UPDA383OXANRUVM.pcm /Users/amanpandey/Library/Developer/Xcode/DerivedData/ModuleCache.noindex/CoreAudio-9KNPVM32GDZTX7Z5M8KS358BA.pcm /Users/amanpandey/Library/Developer/Xcode/DerivedData/ModuleCache.noindex/XPC-2FWW6LOIS5AT4PI6ZN6KHCO0L.pcm /Users/amanpandey/Library/Developer/Xcode/DerivedData/ModuleCache.noindex/QuartzCore-6SZVA8KLI8KAD0P0XO3SGNCR3.pcm /Users/amanpandey/Library/Developer/Xcode/DerivedData/ModuleCache.noindex/CoreMedia-26OZO8UZDPASRA8ZZE56NM09F.pcm /Users/amanpandey/Library/Developer/Xcode/DerivedData/ModuleCache.noindex/_Builtin_stdarg-BAZ7WXMEBX5VA5UCWNQ6D8BRZ.pcm /Users/amanpandey/Library/Developer/Xcode/DerivedData/ModuleCache.noindex/os_workgroup-8E6HQKYAJRRFVKHP1NMU9BM7P.pcm /Users/amanpandey/Library/Developer/Xcode/DerivedData/ModuleCache.noindex/CoreImage-6MXFXN1FJ4GC8WYT2ZYSC0HPL.pcm /Users/amanpandey/Library/Developer/Xcode/DerivedData/ModuleCache.noindex/RelevanceKit-ANJTBPPW6KHN8QHXLMXP79ICL.pcm /Users/amanpandey/Library/Developer/Xcode/DerivedData/ModuleCache.noindex/_Builtin_stddef-9K3HTRAME5Y5M7OCU60ZNGEMJ.pcm /Users/amanpandey/Library/Developer/Xcode/DerivedData/ModuleCache.noindex/ActivityKit-664GIA5REJB3ZGPVF3O43MK4A.pcm /Users/amanpandey/Library/Developer/Xcode/DerivedData/ModuleCache.noindex/AppIntents-5VN99D1VHX9CMOY5T489ENPM4.pcm /Users/amanpandey/Library/Developer/Xcode/DerivedData/ModuleCache.noindex/WidgetKit-O8MYWNVJAKWJEMWIDW0YQZD7.pcm /Users/amanpandey/Library/Developer/Xcode/DerivedData/ModuleCache.noindex/Symbols-68DFLSEVWEMADC2ERBVGT3K28.pcm /Users/amanpandey/Library/Developer/Xcode/DerivedData/ModuleCache.noindex/Security-7Y4YFWPL18L8IYXOKALIKRHGE.pcm /Users/amanpandey/Library/Developer/Xcode/DerivedData/ModuleCache.noindex/UniformTypeIdentifiers-LU7LDU4WKCT52HGG9MEXV3BF.pcm /Users/amanpandey/Library/Developer/Xcode/DerivedData/ModuleCache.noindex/_DarwinFoundation2-BV2HH3JOIPRR2DXTHLEMNY29D.pcm /Users/amanpandey/Library/Developer/Xcode/DerivedData/ModuleCache.noindex/Intents-QE9FLA70UB644MHKC631N802.pcm /Users/amanpandey/Library/Developer/Xcode/DerivedData/ModuleCache.noindex/_Builtin_tgmath-DRHPYBLJ3TA5O0RT9M2CECYLB.pcm /Users/amanpandey/Library/Developer/Xcode/DerivedData/ModuleCache.noindex/ptrauth-D2ZGVT6DDPTKTTO7HO9543WZ0.pcm /Users/amanpandey/Library/Developer/Xcode/DerivedData/ModuleCache.noindex/CoreGraphics-BCNZUHT80XDSJOHZBE6RYSGFY.pcm /Users/amanpandey/Library/Developer/Xcode/DerivedData/ModuleCache.noindex/Darwin-5DOPHMEVGDDUMJGWKV5KDT5P7.pcm /Users/amanpandey/Library/Developer/Xcode/DerivedData/ModuleCache.noindex/CFNetwork-EDI3HXV5JWMTBFWR8WMO5M17U.pcm /Users/amanpandey/Library/Developer/Xcode/DerivedData/ModuleCache.noindex/IOSurface-ANZOVAWQCQEVCLVDOATKUZD56.pcm /Users/amanpandey/Library/Developer/Xcode/DerivedData/ModuleCache.noindex/SwiftUICore-8YB08AYV504SHSDUW2DBJILH2.pcm /Users/amanpandey/Library/Developer/Xcode/DerivedData/ModuleCache.noindex/ExtensionFoundation-CGJBS7JHXXI6RJWT1TSKYWU3Q.pcm /Users/amanpandey/Library/Developer/Xcode/DerivedData/ModuleCache.noindex/_Builtin_stdint-6TZVVKCOCNK7Q7ND2CSVQNRKW.pcm /Users/amanpandey/Library/Developer/Xcode/DerivedData/ModuleCache.noindex/UIKit-HPQFJQ2MHGSZTAPELM7V01DH.pcm /Users/amanpandey/Library/Developer/Xcode/DerivedData/ModuleCache.noindex/Metal-2DLWXX1HGNPONE5BVXUSL8S9D.pcm /Users/amanpandey/Library/Developer/Xcode/DerivedData/Atria-ctrkttbxjrccqrezhykayorqtnwd/Build/Intermediates.noindex/Atria.build/Release-iphoneos/AtriaWidget.build/Objects-normal/arm64/AtriaWidget-dependencies-1.json (in target 'AtriaWidget' from project 'Atria')

SwiftCompile normal arm64 (in target 'AtriaWidget' from project 'Atria')
    cd /Users/amanpandey/projects/atria/Atria
    

SwiftDriverJobDiscovery normal arm64 Compiling AtriaControlIntents.swift, AtriaLiveActivityAttributes.swift, AtriaWidget.swift (in target 'AtriaWidget' from project 'Atria')

SwiftDriver\ Compilation\ Requirements AtriaWidget normal arm64 com.apple.xcode.tools.swift.compiler (in target 'AtriaWidget' from project 'Atria')
    cd /Users/amanpandey/projects/atria/Atria
    builtin-Swift-Compilation-Requirements -- /Applications/Xcode-beta.app/Contents/Developer/Toolchains/XcodeDefault.xctoolchain/usr/bin/swiftc -module-name AtriaWidget -O -whole-module-optimization @/Users/amanpandey/Library/Developer/Xcode/DerivedData/Atria-ctrkttbxjrccqrezhykayorqtnwd/Build/Intermediates.noindex/Atria.build/Release-iphoneos/AtriaWidget.build/Objects-normal/arm64/AtriaWidget.SwiftFileList -enable-bare-slash-regex -enable-experimental-feature DebugDescriptionMacro -sdk /Applications/Xcode-beta.app/Contents/Developer/Platforms/iPhoneOS.platform/Developer/SDKs/iPhoneOS27.0.sdk -target arm64-apple-ios26.1 -g -module-cache-path /Users/amanpandey/Library/Developer/Xcode/DerivedData/ModuleCache.noindex -Xfrontend -serialize-debugging-options -application-extension -swift-version 5 -I /Users/amanpandey/Library/Developer/Xcode/DerivedData/Atria-ctrkttbxjrccqrezhykayorqtnwd/Build/Products/Release-iphoneos -F /Users/amanpandey/Library/Developer/Xcode/DerivedData/Atria-ctrkttbxjrccqrezhykayorqtnwd/Build/Products/Release-iphoneos -emit-localized-strings -emit-localized-strings-path /Users/amanpandey/Library/Developer/Xcode/DerivedData/Atria-ctrkttbxjrccqrezhykayorqtnwd/Build/Intermediates.noindex/Atria.build/Release-iphoneos/AtriaWidget.build/Objects-normal/arm64 -c -num-threads 14 -Xcc -ivfsstatcache -Xcc /Users/amanpandey/Library/Developer/Xcode/DerivedData/SDKStatCaches.noindex/iphoneos27.0-24A5370g-ab8728d0c5b464cc751fe8b4b02b9db3.sdkstatcache -output-file-map /Users/amanpandey/Library/Developer/Xcode/DerivedData/Atria-ctrkttbxjrccqrezhykayorqtnwd/Build/Intermediates.noindex/Atria.build/Release-iphoneos/AtriaWidget.build/Objects-normal/arm64/AtriaWidget-OutputFileMap.json -save-temps -no-color-diagnostics -explicit-module-build -module-cache-path /Users/amanpandey/Library/Developer/Xcode/DerivedData/Atria-ctrkttbxjrccqrezhykayorqtnwd/Build/Intermediates.noindex/SwiftExplicitPrecompiledModules -clang-scanner-module-cache-path /Users/amanpandey/Library/Developer/Xcode/DerivedData/ModuleCache.noindex -sdk-module-cache-path /Users/amanpandey/Library/Developer/Xcode/DerivedData/ModuleCache.noindex -emit-dependencies -emit-module -emit-module-path /Users/amanpandey/Library/Developer/Xcode/DerivedData/Atria-ctrkttbxjrccqrezhykayorqtnwd/Build/Intermediates.noindex/Atria.build/Release-iphoneos/AtriaWidget.build/Objects-normal/arm64/AtriaWidget.swiftmodule -serialize-diagnostics -dependency-scan-serialize-diagnostics-path /Users/amanpandey/Library/Developer/Xcode/DerivedData/Atria-ctrkttbxjrccqrezhykayorqtnwd/Build/Intermediates.noindex/Atria.build/Release-iphoneos/AtriaWidget.build/Objects-normal/arm64/AtriaWidget-dependency-scan.dia -validate-clang-modules-once -clang-build-session-file /Users/amanpandey/Library/Developer/Xcode/DerivedData/ModuleCache.noindex/Session.modulevalidation -Xcc -fmodules-prune-interval\=86400 -Xcc -fmodules-prune-after\=345600 -emit-const-values -const-gather-protocols-list /Users/amanpandey/Library/Developer/Xcode/DerivedData/Atria-ctrkttbxjrccqrezhykayorqtnwd/Build/Intermediates.noindex/Atria.build/Release-iphoneos/AtriaWidget.build/Objects-normal/arm64/AtriaWidget_const_extract_protocols.json -Xcc -iquote -Xcc /Users/amanpandey/Library/Developer/Xcode/DerivedData/Atria-ctrkttbxjrccqrezhykayorqtnwd/Build/Intermediates.noindex/Atria.build/Release-iphoneos/AtriaWidget.build/AtriaWidget-generated-files.hmap -Xcc -I/Users/amanpandey/Library/Developer/Xcode/DerivedData/Atria-ctrkttbxjrccqrezhykayorqtnwd/Build/Intermediates.noindex/Atria.build/Release-iphoneos/AtriaWidget.build/AtriaWidget-own-target-headers.hmap -Xcc -I/Users/amanpandey/Library/Developer/Xcode/DerivedData/Atria-ctrkttbxjrccqrezhykayorqtnwd/Build/Intermediates.noindex/Atria.build/Release-iphoneos/AtriaWidget.build/AtriaWidget-all-target-headers.hmap -Xcc -iquote -Xcc /Users/amanpandey/Library/Developer/Xcode/DerivedData/Atria-ctrkttbxjrccqrezhykayorqtnwd/Build/Intermediates.noindex/Atria.build/Release-iphoneos/AtriaWidget.build/AtriaWidget-project-headers.hmap -Xcc -I/Users/amanpandey/Library/Developer/Xcode/DerivedData/Atria-ctrkttbxjrccqrezhykayorqtnwd/Build/Products/Release-iphoneos/include -Xcc -I/Users/amanpandey/Library/Developer/Xcode/DerivedData/Atria-ctrkttbxjrccqrezhykayorqtnwd/Build/Intermediates.noindex/Atria.build/Release-iphoneos/AtriaWidget.build/DerivedSources-normal/arm64 -Xcc -I/Users/amanpandey/Library/Developer/Xcode/DerivedData/Atria-ctrkttbxjrccqrezhykayorqtnwd/Build/Intermediates.noindex/Atria.build/Release-iphoneos/AtriaWidget.build/DerivedSources/arm64 -Xcc -I/Users/amanpandey/Library/Developer/Xcode/DerivedData/Atria-ctrkttbxjrccqrezhykayorqtnwd/Build/Intermediates.noindex/Atria.build/Release-iphoneos/AtriaWidget.build/DerivedSources -emit-objc-header -emit-objc-header-path /Users/amanpandey/Library/Developer/Xcode/DerivedData/Atria-ctrkttbxjrccqrezhykayorqtnwd/Build/Intermediates.noindex/Atria.build/Release-iphoneos/AtriaWidget.build/Objects-normal/arm64/AtriaWidget-Swift.h -working-directory /Users/amanpandey/projects/atria/Atria -no-emit-module-separately-wmo

SwiftMergeGeneratedHeaders /Users/amanpandey/Library/Developer/Xcode/DerivedData/Atria-ctrkttbxjrccqrezhykayorqtnwd/Build/Intermediates.noindex/Atria.build/Release-iphoneos/AtriaWidget.build/DerivedSources/AtriaWidget-Swift.h /Users/amanpandey/Library/Developer/Xcode/DerivedData/Atria-ctrkttbxjrccqrezhykayorqtnwd/Build/Intermediates.noindex/Atria.build/Release-iphoneos/AtriaWidget.build/Objects-normal/arm64/AtriaWidget-Swift.h (in target 'AtriaWidget' from project 'Atria')
    cd /Users/amanpandey/projects/atria/Atria
    builtin-swiftHeaderTool -arch arm64 /Users/amanpandey/Library/Developer/Xcode/DerivedData/Atria-ctrkttbxjrccqrezhykayorqtnwd/Build/Intermediates.noindex/Atria.build/Release-iphoneos/AtriaWidget.build/Objects-normal/arm64/AtriaWidget-Swift.h -o /Users/amanpandey/Library/Developer/Xcode/DerivedData/Atria-ctrkttbxjrccqrezhykayorqtnwd/Build/Intermediates.noindex/Atria.build/Release-iphoneos/AtriaWidget.build/DerivedSources/AtriaWidget-Swift.h

Copy /Users/amanpandey/Library/Developer/Xcode/DerivedData/Atria-ctrkttbxjrccqrezhykayorqtnwd/Build/Products/Release-iphoneos/AtriaWidget.swiftmodule/arm64-apple-ios.swiftdoc /Users/amanpandey/Library/Developer/Xcode/DerivedData/Atria-ctrkttbxjrccqrezhykayorqtnwd/Build/Intermediates.noindex/Atria.build/Release-iphoneos/AtriaWidget.build/Objects-normal/arm64/AtriaWidget.swiftdoc (in target 'AtriaWidget' from project 'Atria')
    cd /Users/amanpandey/projects/atria/Atria
    builtin-copy -exclude .DS_Store -exclude CVS -exclude .svn -exclude .git -exclude .hg -resolve-src-symlinks -rename /Users/amanpandey/Library/Developer/Xcode/DerivedData/Atria-ctrkttbxjrccqrezhykayorqtnwd/Build/Intermediates.noindex/Atria.build/Release-iphoneos/AtriaWidget.build/Objects-normal/arm64/AtriaWidget.swiftdoc /Users/amanpandey/Library/Developer/Xcode/DerivedData/Atria-ctrkttbxjrccqrezhykayorqtnwd/Build/Products/Release-iphoneos/AtriaWidget.swiftmodule/arm64-apple-ios.swiftdoc

Copy /Users/amanpandey/Library/Developer/Xcode/DerivedData/Atria-ctrkttbxjrccqrezhykayorqtnwd/Build/Products/Release-iphoneos/AtriaWidget.swiftmodule/arm64-apple-ios.swiftmodule /Users/amanpandey/Library/Developer/Xcode/DerivedData/Atria-ctrkttbxjrccqrezhykayorqtnwd/Build/Intermediates.noindex/Atria.build/Release-iphoneos/AtriaWidget.build/Objects-normal/arm64/AtriaWidget.swiftmodule (in target 'AtriaWidget' from project 'Atria')
    cd /Users/amanpandey/projects/atria/Atria
    builtin-copy -exclude .DS_Store -exclude CVS -exclude .svn -exclude .git -exclude .hg -resolve-src-symlinks -rename /Users/amanpandey/Library/Developer/Xcode/DerivedData/Atria-ctrkttbxjrccqrezhykayorqtnwd/Build/Intermediates.noindex/Atria.build/Release-iphoneos/AtriaWidget.build/Objects-normal/arm64/AtriaWidget.swiftmodule /Users/amanpandey/Library/Developer/Xcode/DerivedData/Atria-ctrkttbxjrccqrezhykayorqtnwd/Build/Products/Release-iphoneos/AtriaWidget.swiftmodule/arm64-apple-ios.swiftmodule

Copy /Users/amanpandey/Library/Developer/Xcode/DerivedData/Atria-ctrkttbxjrccqrezhykayorqtnwd/Build/Products/Release-iphoneos/AtriaWidget.swiftmodule/arm64-apple-ios.abi.json /Users/amanpandey/Library/Developer/Xcode/DerivedData/Atria-ctrkttbxjrccqrezhykayorqtnwd/Build/Intermediates.noindex/Atria.build/Release-iphoneos/AtriaWidget.build/Objects-normal/arm64/AtriaWidget.abi.json (in target 'AtriaWidget' from project 'Atria')
    cd /Users/amanpandey/projects/atria/Atria
    builtin-copy -exclude .DS_Store -exclude CVS -exclude .svn -exclude .git -exclude .hg -resolve-src-symlinks -rename /Users/amanpandey/Library/Developer/Xcode/DerivedData/Atria-ctrkttbxjrccqrezhykayorqtnwd/Build/Intermediates.noindex/Atria.build/Release-iphoneos/AtriaWidget.build/Objects-normal/arm64/AtriaWidget.abi.json /Users/amanpandey/Library/Developer/Xcode/DerivedData/Atria-ctrkttbxjrccqrezhykayorqtnwd/Build/Products/Release-iphoneos/AtriaWidget.swiftmodule/arm64-apple-ios.abi.json

Copy /Users/amanpandey/Library/Developer/Xcode/DerivedData/Atria-ctrkttbxjrccqrezhykayorqtnwd/Build/Products/Release-iphoneos/AtriaWidget.swiftmodule/Project/arm64-apple-ios.swiftsourceinfo /Users/amanpandey/Library/Developer/Xcode/DerivedData/Atria-ctrkttbxjrccqrezhykayorqtnwd/Build/Intermediates.noindex/Atria.build/Release-iphoneos/AtriaWidget.build/Objects-normal/arm64/AtriaWidget.swiftsourceinfo (in target 'AtriaWidget' from project 'Atria')
    cd /Users/amanpandey/projects/atria/Atria
    builtin-copy -exclude .DS_Store -exclude CVS -exclude .svn -exclude .git -exclude .hg -resolve-src-symlinks -rename /Users/amanpandey/Library/Developer/Xcode/DerivedData/Atria-ctrkttbxjrccqrezhykayorqtnwd/Build/Intermediates.noindex/Atria.build/Release-iphoneos/AtriaWidget.build/Objects-normal/arm64/AtriaWidget.swiftsourceinfo /Users/amanpandey/Library/Developer/Xcode/DerivedData/Atria-ctrkttbxjrccqrezhykayorqtnwd/Build/Products/Release-iphoneos/AtriaWidget.swiftmodule/Project/arm64-apple-ios.swiftsourceinfo

Ld /Users/amanpandey/Library/Developer/Xcode/DerivedData/Atria-ctrkttbxjrccqrezhykayorqtnwd/Build/Products/Release-iphoneos/AtriaWidget.appex/AtriaWidget normal (in target 'AtriaWidget' from project 'Atria')
    cd /Users/amanpandey/projects/atria/Atria
    /Applications/Xcode-beta.app/Contents/Developer/Toolchains/XcodeDefault.xctoolchain/usr/bin/clang -Xlinker -reproducible -target arm64-apple-ios26.1 -isysroot /Applications/Xcode-beta.app/Contents/Developer/Platforms/iPhoneOS.platform/Developer/SDKs/iPhoneOS27.0.sdk -Os -Xlinker -no_warn_duplicate_libraries -L/Users/amanpandey/Library/Developer/Xcode/DerivedData/Atria-ctrkttbxjrccqrezhykayorqtnwd/Build/Intermediates.noindex/EagerLinkingTBDs/Release-iphoneos -L/Users/amanpandey/Library/Developer/Xcode/DerivedData/Atria-ctrkttbxjrccqrezhykayorqtnwd/Build/Products/Release-iphoneos -F/Users/amanpandey/Library/Developer/Xcode/DerivedData/Atria-ctrkttbxjrccqrezhykayorqtnwd/Build/Intermediates.noindex/EagerLinkingTBDs/Release-iphoneos -F/Users/amanpandey/Library/Developer/Xcode/DerivedData/Atria-ctrkttbxjrccqrezhykayorqtnwd/Build/Products/Release-iphoneos -filelist /Users/amanpandey/Library/Developer/Xcode/DerivedData/Atria-ctrkttbxjrccqrezhykayorqtnwd/Build/Intermediates.noindex/Atria.build/Release-iphoneos/AtriaWidget.build/Objects-normal/arm64/AtriaWidget.LinkFileList -Xlinker -rpath -Xlinker @executable_path/Frameworks -Xlinker -rpath -Xlinker @executable_path/../../Frameworks -Xlinker -dead_strip -Xlinker -object_path_lto -Xlinker /Users/amanpandey/Library/Developer/Xcode/DerivedData/Atria-ctrkttbxjrccqrezhykayorqtnwd/Build/Intermediates.noindex/Atria.build/Release-iphoneos/AtriaWidget.build/Objects-normal/arm64/AtriaWidget_lto.o -Xlinker -dependency_info -Xlinker /Users/amanpandey/Library/Developer/Xcode/DerivedData/Atria-ctrkttbxjrccqrezhykayorqtnwd/Build/Intermediates.noindex/Atria.build/Release-iphoneos/AtriaWidget.build/Objects-normal/arm64/AtriaWidget_dependency_info.dat -e _NSExtensionMain -fapplication-extension -fobjc-link-runtime -L/Applications/Xcode-beta.app/Contents/Developer/Toolchains/XcodeDefault.xctoolchain/usr/lib/swift/iphoneos -L/usr/lib/swift -Xlinker -add_ast_path -Xlinker /Users/amanpandey/Library/Developer/Xcode/DerivedData/Atria-ctrkttbxjrccqrezhykayorqtnwd/Build/Intermediates.noindex/Atria.build/Release-iphoneos/AtriaWidget.build/Objects-normal/arm64/AtriaWidget.swiftmodule -Xlinker -no_adhoc_codesign -o /Users/amanpandey/Library/Developer/Xcode/DerivedData/Atria-ctrkttbxjrccqrezhykayorqtnwd/Build/Products/Release-iphoneos/AtriaWidget.appex/AtriaWidget

ProcessProductPackaging /Users/amanpandey/projects/atria/Atria/Atria/Atria.entitlements /Users/amanpandey/Library/Developer/Xcode/DerivedData/Atria-ctrkttbxjrccqrezhykayorqtnwd/Build/Intermediates.noindex/Atria.build/Release-iphoneos/Atria.build/Atria.app.xcent (in target 'Atria' from project 'Atria')
    cd /Users/amanpandey/projects/atria/Atria
    
    Entitlements:
    
    {
    "application-identifier" = "JP4HU7X6G7.com.adidshaft.atria";
    "com.apple.developer.healthkit" = 1;
    "com.apple.developer.team-identifier" = JP4HU7X6G7;
    "com.apple.security.application-groups" =     (
        "group.com.adidshaft.atria"
    );
    "get-task-allow" = 1;
}
    
    builtin-productPackagingUtility /Users/amanpandey/projects/atria/Atria/Atria/Atria.entitlements -entitlements -format xml -o /Users/amanpandey/Library/Developer/Xcode/DerivedData/Atria-ctrkttbxjrccqrezhykayorqtnwd/Build/Intermediates.noindex/Atria.build/Release-iphoneos/Atria.build/Atria.app.xcent

ProcessProductPackaging /Users/amanpandey/Library/Developer/Xcode/UserData/Provisioning\ Profiles/Atria_App_Development.mobileprovision /Users/amanpandey/Library/Developer/Xcode/DerivedData/Atria-ctrkttbxjrccqrezhykayorqtnwd/Build/Products/Release-iphoneos/Atria.app/embedded.mobileprovision (in target 'Atria' from project 'Atria')
    cd /Users/amanpandey/projects/atria/Atria
    builtin-productPackagingUtility /Users/amanpandey/Library/Developer/Xcode/UserData/Provisioning\ Profiles/Atria_App_Development.mobileprovision -o /Users/amanpandey/Library/Developer/Xcode/DerivedData/Atria-ctrkttbxjrccqrezhykayorqtnwd/Build/Products/Release-iphoneos/Atria.app/embedded.mobileprovision

ProcessProductPackagingDER /Users/amanpandey/Library/Developer/Xcode/DerivedData/Atria-ctrkttbxjrccqrezhykayorqtnwd/Build/Intermediates.noindex/Atria.build/Release-iphoneos/Atria.build/Atria.app.xcent /Users/amanpandey/Library/Developer/Xcode/DerivedData/Atria-ctrkttbxjrccqrezhykayorqtnwd/Build/Intermediates.noindex/Atria.build/Release-iphoneos/Atria.build/Atria.app.xcent.der (in target 'Atria' from project 'Atria')
    cd /Users/amanpandey/projects/atria/Atria
    /usr/bin/derq query -f xml -i /Users/amanpandey/Library/Developer/Xcode/DerivedData/Atria-ctrkttbxjrccqrezhykayorqtnwd/Build/Intermediates.noindex/Atria.build/Release-iphoneos/Atria.build/Atria.app.xcent -o /Users/amanpandey/Library/Developer/Xcode/DerivedData/Atria-ctrkttbxjrccqrezhykayorqtnwd/Build/Intermediates.noindex/Atria.build/Release-iphoneos/Atria.build/Atria.app.xcent.der --raw

GenerateAssetSymbols /Users/amanpandey/projects/atria/Atria/Atria/Assets.xcassets (in target 'Atria' from project 'Atria')
    cd /Users/amanpandey/projects/atria/Atria
    /Applications/Xcode-beta.app/Contents/Developer/usr/bin/actool /Users/amanpandey/projects/atria/Atria/Atria/Assets.xcassets --compile /Users/amanpandey/Library/Developer/Xcode/DerivedData/Atria-ctrkttbxjrccqrezhykayorqtnwd/Build/Products/Release-iphoneos/Atria.app --output-format human-readable-text --notices --warnings --export-dependency-info /Users/amanpandey/Library/Developer/Xcode/DerivedData/Atria-ctrkttbxjrccqrezhykayorqtnwd/Build/Intermediates.noindex/Atria.build/Release-iphoneos/Atria.build/assetcatalog_dependencies --output-partial-info-plist /Users/amanpandey/Library/Developer/Xcode/DerivedData/Atria-ctrkttbxjrccqrezhykayorqtnwd/Build/Intermediates.noindex/Atria.build/Release-iphoneos/Atria.build/assetcatalog_generated_info.plist --app-icon AppIcon --compress-pngs --enable-on-demand-resources YES --development-region en --target-device iphone --target-device ipad --minimum-deployment-target 26.1 --platform iphoneos --bundle-identifier com.adidshaft.atria --generate-swift-asset-symbol-extensions NO --generate-swift-asset-symbols /Users/amanpandey/Library/Developer/Xcode/DerivedData/Atria-ctrkttbxjrccqrezhykayorqtnwd/Build/Intermediates.noindex/Atria.build/Release-iphoneos/Atria.build/DerivedSources/GeneratedAssetSymbols.swift --generate-objc-asset-symbols /Users/amanpandey/Library/Developer/Xcode/DerivedData/Atria-ctrkttbxjrccqrezhykayorqtnwd/Build/Intermediates.noindex/Atria.build/Release-iphoneos/Atria.build/DerivedSources/GeneratedAssetSymbols.h --generate-asset-symbol-index /Users/amanpandey/Library/Developer/Xcode/DerivedData/Atria-ctrkttbxjrccqrezhykayorqtnwd/Build/Intermediates.noindex/Atria.build/Release-iphoneos/Atria.build/DerivedSources/GeneratedAssetSymbols-Index.plist
/* com.apple.actool.compilation-results */
/Users/amanpandey/Library/Developer/Xcode/DerivedData/Atria-ctrkttbxjrccqrezhykayorqtnwd/Build/Intermediates.noindex/Atria.build/Release-iphoneos/Atria.build/DerivedSources/GeneratedAssetSymbols-Index.plist
/Users/amanpandey/Library/Developer/Xcode/DerivedData/Atria-ctrkttbxjrccqrezhykayorqtnwd/Build/Intermediates.noindex/Atria.build/Release-iphoneos/Atria.build/DerivedSources/GeneratedAssetSymbols.h
/Users/amanpandey/Library/Developer/Xcode/DerivedData/Atria-ctrkttbxjrccqrezhykayorqtnwd/Build/Intermediates.noindex/Atria.build/Release-iphoneos/Atria.build/DerivedSources/GeneratedAssetSymbols.swift


CompileAssetCatalogVariant thinned /Users/amanpandey/Library/Developer/Xcode/DerivedData/Atria-ctrkttbxjrccqrezhykayorqtnwd/Build/Products/Release-iphoneos/Atria.app /Users/amanpandey/projects/atria/Atria/Atria/Assets.xcassets (in target 'Atria' from project 'Atria')
    cd /Users/amanpandey/projects/atria/Atria
    /Applications/Xcode-beta.app/Contents/Developer/usr/bin/actool /Users/amanpandey/projects/atria/Atria/Atria/Assets.xcassets --compile /Users/amanpandey/Library/Developer/Xcode/DerivedData/Atria-ctrkttbxjrccqrezhykayorqtnwd/Build/Intermediates.noindex/Atria.build/Release-iphoneos/Atria.build/assetcatalog_output/thinned --output-format human-readable-text --notices --warnings --export-dependency-info /Users/amanpandey/Library/Developer/Xcode/DerivedData/Atria-ctrkttbxjrccqrezhykayorqtnwd/Build/Intermediates.noindex/Atria.build/Release-iphoneos/Atria.build/assetcatalog_dependencies_thinned --output-partial-info-plist /Users/amanpandey/Library/Developer/Xcode/DerivedData/Atria-ctrkttbxjrccqrezhykayorqtnwd/Build/Intermediates.noindex/Atria.build/Release-iphoneos/Atria.build/assetcatalog_generated_info.plist_thinned --app-icon AppIcon --compress-pngs --enable-on-demand-resources YES --development-region en --target-device iphone --target-device ipad --minimum-deployment-target 26.1 --platform iphoneos
/* com.apple.actool.document.notices */
/Users/amanpandey/projects/atria/Atria/Atria/Assets.xcassets:./AppIcon.appiconset/[][ipad][76x76][][][1x][][][][]: notice: 76x76@1x app icons only apply to iPad apps targeting releases of iOS prior to 10.0.
/* com.apple.actool.compilation-results */
/Users/amanpandey/Library/Developer/Xcode/DerivedData/Atria-ctrkttbxjrccqrezhykayorqtnwd/Build/Intermediates.noindex/Atria.build/Release-iphoneos/Atria.build/assetcatalog_generated_info.plist_thinned
/Users/amanpandey/Library/Developer/Xcode/DerivedData/Atria-ctrkttbxjrccqrezhykayorqtnwd/Build/Intermediates.noindex/Atria.build/Release-iphoneos/Atria.build/assetcatalog_output/thinned/AppIcon60x60@2x.png
/Users/amanpandey/Library/Developer/Xcode/DerivedData/Atria-ctrkttbxjrccqrezhykayorqtnwd/Build/Intermediates.noindex/Atria.build/Release-iphoneos/Atria.build/assetcatalog_output/thinned/AppIcon76x76@2x~ipad.png
/Users/amanpandey/Library/Developer/Xcode/DerivedData/Atria-ctrkttbxjrccqrezhykayorqtnwd/Build/Intermediates.noindex/Atria.build/Release-iphoneos/Atria.build/assetcatalog_output/thinned/Assets.car


SwiftDriver Atria normal arm64 com.apple.xcode.tools.swift.compiler (in target 'Atria' from project 'Atria')
    cd /Users/amanpandey/projects/atria/Atria
    builtin-SwiftDriver -- /Applications/Xcode-beta.app/Contents/Developer/Toolchains/XcodeDefault.xctoolchain/usr/bin/swiftc -module-name Atria -O -whole-module-optimization @/Users/amanpandey/Library/Developer/Xcode/DerivedData/Atria-ctrkttbxjrccqrezhykayorqtnwd/Build/Intermediates.noindex/Atria.build/Release-iphoneos/Atria.build/Objects-normal/arm64/Atria.SwiftFileList -enable-bare-slash-regex -enable-experimental-feature DebugDescriptionMacro -sdk /Applications/Xcode-beta.app/Contents/Developer/Platforms/iPhoneOS.platform/Developer/SDKs/iPhoneOS27.0.sdk -target arm64-apple-ios26.1 -g -module-cache-path /Users/amanpandey/Library/Developer/Xcode/DerivedData/ModuleCache.noindex -Xfrontend -serialize-debugging-options -swift-version 5 -I /Users/amanpandey/Library/Developer/Xcode/DerivedData/Atria-ctrkttbxjrccqrezhykayorqtnwd/Build/Products/Release-iphoneos -F /Users/amanpandey/Library/Developer/Xcode/DerivedData/Atria-ctrkttbxjrccqrezhykayorqtnwd/Build/Products/Release-iphoneos -emit-localized-strings -emit-localized-strings-path /Users/amanpandey/Library/Developer/Xcode/DerivedData/Atria-ctrkttbxjrccqrezhykayorqtnwd/Build/Intermediates.noindex/Atria.build/Release-iphoneos/Atria.build/Objects-normal/arm64 -c -num-threads 14 -Xcc -ivfsstatcache -Xcc /Users/amanpandey/Library/Developer/Xcode/DerivedData/SDKStatCaches.noindex/iphoneos27.0-24A5370g-ab8728d0c5b464cc751fe8b4b02b9db3.sdkstatcache -output-file-map /Users/amanpandey/Library/Developer/Xcode/DerivedData/Atria-ctrkttbxjrccqrezhykayorqtnwd/Build/Intermediates.noindex/Atria.build/Release-iphoneos/Atria.build/Objects-normal/arm64/Atria-OutputFileMap.json -save-temps -no-color-diagnostics -explicit-module-build -module-cache-path /Users/amanpandey/Library/Developer/Xcode/DerivedData/Atria-ctrkttbxjrccqrezhykayorqtnwd/Build/Intermediates.noindex/SwiftExplicitPrecompiledModules -clang-scanner-module-cache-path /Users/amanpandey/Library/Developer/Xcode/DerivedData/ModuleCache.noindex -sdk-module-cache-path /Users/amanpandey/Library/Developer/Xcode/DerivedData/ModuleCache.noindex -emit-dependencies -emit-module -emit-module-path /Users/amanpandey/Library/Developer/Xcode/DerivedData/Atria-ctrkttbxjrccqrezhykayorqtnwd/Build/Intermediates.noindex/Atria.build/Release-iphoneos/Atria.build/Objects-normal/arm64/Atria.swiftmodule -serialize-diagnostics -dependency-scan-serialize-diagnostics-path /Users/amanpandey/Library/Developer/Xcode/DerivedData/Atria-ctrkttbxjrccqrezhykayorqtnwd/Build/Intermediates.noindex/Atria.build/Release-iphoneos/Atria.build/Objects-normal/arm64/Atria-dependency-scan.dia -validate-clang-modules-once -clang-build-session-file /Users/amanpandey/Library/Developer/Xcode/DerivedData/ModuleCache.noindex/Session.modulevalidation -Xcc -fmodules-prune-interval\=86400 -Xcc -fmodules-prune-after\=345600 -emit-const-values -const-gather-protocols-list /Users/amanpandey/Library/Developer/Xcode/DerivedData/Atria-ctrkttbxjrccqrezhykayorqtnwd/Build/Intermediates.noindex/Atria.build/Release-iphoneos/Atria.build/Objects-normal/arm64/Atria_const_extract_protocols.json -Xcc -iquote -Xcc /Users/amanpandey/Library/Developer/Xcode/DerivedData/Atria-ctrkttbxjrccqrezhykayorqtnwd/Build/Intermediates.noindex/Atria.build/Release-iphoneos/Atria.build/Atria-generated-files.hmap -Xcc -I/Users/amanpandey/Library/Developer/Xcode/DerivedData/Atria-ctrkttbxjrccqrezhykayorqtnwd/Build/Intermediates.noindex/Atria.build/Release-iphoneos/Atria.build/Atria-own-target-headers.hmap -Xcc -I/Users/amanpandey/Library/Developer/Xcode/DerivedData/Atria-ctrkttbxjrccqrezhykayorqtnwd/Build/Intermediates.noindex/Atria.build/Release-iphoneos/Atria.build/Atria-all-target-headers.hmap -Xcc -iquote -Xcc /Users/amanpandey/Library/Developer/Xcode/DerivedData/Atria-ctrkttbxjrccqrezhykayorqtnwd/Build/Intermediates.noindex/Atria.build/Release-iphoneos/Atria.build/Atria-project-headers.hmap -Xcc -I/Users/amanpandey/Library/Developer/Xcode/DerivedData/Atria-ctrkttbxjrccqrezhykayorqtnwd/Build/Products/Release-iphoneos/include -Xcc -I/Users/amanpandey/Library/Developer/Xcode/DerivedData/Atria-ctrkttbxjrccqrezhykayorqtnwd/Build/Intermediates.noindex/Atria.build/Release-iphoneos/Atria.build/DerivedSources-normal/arm64 -Xcc -I/Users/amanpandey/Library/Developer/Xcode/DerivedData/Atria-ctrkttbxjrccqrezhykayorqtnwd/Build/Intermediates.noindex/Atria.build/Release-iphoneos/Atria.build/DerivedSources/arm64 -Xcc -I/Users/amanpandey/Library/Developer/Xcode/DerivedData/Atria-ctrkttbxjrccqrezhykayorqtnwd/Build/Intermediates.noindex/Atria.build/Release-iphoneos/Atria.build/DerivedSources -emit-objc-header -emit-objc-header-path /Users/amanpandey/Library/Developer/Xcode/DerivedData/Atria-ctrkttbxjrccqrezhykayorqtnwd/Build/Intermediates.noindex/Atria.build/Release-iphoneos/Atria.build/Objects-normal/arm64/Atria-Swift.h -working-directory /Users/amanpandey/projects/atria/Atria -no-emit-module-separately-wmo

GenerateDSYMFile /Users/amanpandey/Library/Developer/Xcode/DerivedData/Atria-ctrkttbxjrccqrezhykayorqtnwd/Build/Products/Release-iphoneos/AtriaWidget.appex.dSYM /Users/amanpandey/Library/Developer/Xcode/DerivedData/Atria-ctrkttbxjrccqrezhykayorqtnwd/Build/Products/Release-iphoneos/AtriaWidget.appex/AtriaWidget (in target 'AtriaWidget' from project 'Atria')
    cd /Users/amanpandey/projects/atria/Atria
    export PATH\=/Applications/Xcode-beta.app/Contents/SharedFrameworks/SwiftBuild.framework/Versions/A/PlugIns/SWBBuildService.bundle/Contents/PlugIns/SWBUniversalPlatformPlugin.bundle/Contents/Frameworks/SWBUniversalPlatform.framework/Resources:/Applications/Xcode-beta.app/Contents/Developer/Toolchains/XcodeDefault.xctoolchain/usr/bin:/Applications/Xcode-beta.app/Contents/Developer/Toolchains/XcodeDefault.xctoolchain/usr/local/bin:/Applications/Xcode-beta.app/Contents/Developer/Toolchains/XcodeDefault.xctoolchain/usr/libexec:/Applications/Xcode-beta.app/Contents/Developer/Platforms/iPhoneOS.platform/usr/bin:/Applications/Xcode-beta.app/Contents/Developer/Platforms/iPhoneOS.platform/usr/local/bin:/Applications/Xcode-beta.app/Contents/Developer/Platforms/iPhoneOS.platform/Developer/usr/bin:/Applications/Xcode-beta.app/Contents/Developer/Platforms/iPhoneOS.platform/Developer/usr/local/bin:/Applications/Xcode-beta.app/Contents/Developer/usr/bin:/Applications/Xcode-beta.app/Contents/Developer/usr/local/bin:/Users/amanpandey/.codex/tmp/arg0/codex-arg0s83i0X:/Users/amanpandey/.cache/codex-runtimes/codex-primary-runtime/dependencies/bin:/Users/amanpandey/.antigravity-ide/antigravity-ide/bin:/Users/amanpandey/.antigravity/antigravity/bin:/Users/amanpandey/google-cloud-sdk/bin:/Users/amanpandey/.fuelup/bin:/Users/amanpandey/.local/bin:/opt/homebrew/bin:/opt/homebrew/sbin:/usr/local/bin:/System/Cryptexes/App/usr/bin:/usr/bin:/bin:/usr/sbin:/sbin:/var/run/com.apple.security.cryptexd/codex.system/bootstrap/usr/local/bin:/var/run/com.apple.security.cryptexd/codex.system/bootstrap/usr/bin:/var/run/com.apple.security.cryptexd/codex.system/bootstrap/usr/appleinternal/bin:/pkg/env/global/bin:/Library/Apple/usr/bin:/Users/amanpandey/.starkli/bin:/Users/amanpandey/.cargo/bin:/Users/amanpandey/.sp1/bin:/Users/amanpandey/.zisk/bin:/Users/amanpandey/.foundry/bin:/Users/amanpandey/Library/Android/sdk/emulator:/Users/amanpandey/Library/Android/sdk/platform-tools:/Users/amanpandey/.asdf/shims:/Users/amanpandey/.maestro/bin:/Applications/Codex.app/Contents/Resources
    /Applications/Xcode-beta.app/Contents/Developer/Toolchains/XcodeDefault.xctoolchain/usr/bin/dsymutil /Users/amanpandey/Library/Developer/Xcode/DerivedData/Atria-ctrkttbxjrccqrezhykayorqtnwd/Build/Products/Release-iphoneos/AtriaWidget.appex/AtriaWidget -o /Users/amanpandey/Library/Developer/Xcode/DerivedData/Atria-ctrkttbxjrccqrezhykayorqtnwd/Build/Products/Release-iphoneos/AtriaWidget.appex.dSYM

ExtractAppIntentsMetadata (in target 'AtriaWidget' from project 'Atria')
    cd /Users/amanpandey/projects/atria/Atria
    /Applications/Xcode-beta.app/Contents/Developer/Toolchains/XcodeDefault.xctoolchain/usr/bin/appintentsmetadataprocessor --toolchain-dir /Applications/Xcode-beta.app/Contents/Developer/Toolchains/XcodeDefault.xctoolchain --module-name AtriaWidget --sdk-root /Applications/Xcode-beta.app/Contents/Developer/Platforms/iPhoneOS.platform/Developer/SDKs/iPhoneOS27.0.sdk --xcode-version 27A5209h --platform-family iOS --deployment-target 26.1 --bundle-identifier com.adidshaft.atria.widget --output /Users/amanpandey/Library/Developer/Xcode/DerivedData/Atria-ctrkttbxjrccqrezhykayorqtnwd/Build/Products/Release-iphoneos/AtriaWidget.appex --target-triple arm64-apple-ios26.1 --binary-file /Users/amanpandey/Library/Developer/Xcode/DerivedData/Atria-ctrkttbxjrccqrezhykayorqtnwd/Build/Products/Release-iphoneos/AtriaWidget.appex/AtriaWidget --dependency-file /Users/amanpandey/Library/Developer/Xcode/DerivedData/Atria-ctrkttbxjrccqrezhykayorqtnwd/Build/Intermediates.noindex/Atria.build/Release-iphoneos/AtriaWidget.build/Objects-normal/arm64/AtriaWidget_dependency_info.dat --stringsdata-file /Users/amanpandey/Library/Developer/Xcode/DerivedData/Atria-ctrkttbxjrccqrezhykayorqtnwd/Build/Intermediates.noindex/Atria.build/Release-iphoneos/AtriaWidget.build/Objects-normal/arm64/ExtractedAppShortcutsMetadata.stringsdata --source-file-list /Users/amanpandey/Library/Developer/Xcode/DerivedData/Atria-ctrkttbxjrccqrezhykayorqtnwd/Build/Intermediates.noindex/Atria.build/Release-iphoneos/AtriaWidget.build/Objects-normal/arm64/AtriaWidget.SwiftFileList --metadata-file-list /Users/amanpandey/Library/Developer/Xcode/DerivedData/Atria-ctrkttbxjrccqrezhykayorqtnwd/Build/Intermediates.noindex/Atria.build/Release-iphoneos/AtriaWidget.build/AtriaWidget.DependencyMetadataFileList --static-metadata-file-list /Users/amanpandey/Library/Developer/Xcode/DerivedData/Atria-ctrkttbxjrccqrezhykayorqtnwd/Build/Intermediates.noindex/Atria.build/Release-iphoneos/AtriaWidget.build/AtriaWidget.DependencyStaticMetadataFileList --swift-const-vals-list /Users/amanpandey/Library/Developer/Xcode/DerivedData/Atria-ctrkttbxjrccqrezhykayorqtnwd/Build/Intermediates.noindex/Atria.build/Release-iphoneos/AtriaWidget.build/Objects-normal/arm64/AtriaWidget.SwiftConstValuesFileList --compile-time-extraction --deployment-aware-processing --no-app-shortcuts-localization
2026-07-03 20:25:05.385 appintentsmetadataprocessor[28953:10584235] Starting appintentsmetadataprocessor export
2026-07-03 20:25:05.421 appintentsmetadataprocessor[28953:10584235] Writing Metadata.appintents
2026-07-03 20:25:05.421 appintentsmetadataprocessor[28953:10584235] Metadata root: /Users/amanpandey/Library/Developer/Xcode/DerivedData/Atria-ctrkttbxjrccqrezhykayorqtnwd/Build/Products/Release-iphoneos/AtriaWidget.appex/Metadata.appintents

AppIntentsSSUTraining (in target 'AtriaWidget' from project 'Atria')
    cd /Users/amanpandey/projects/atria/Atria
    /Applications/Xcode-beta.app/Contents/Developer/Toolchains/XcodeDefault.xctoolchain/usr/bin/appintentsnltrainingprocessor --infoplist-path /Users/amanpandey/Library/Developer/Xcode/DerivedData/Atria-ctrkttbxjrccqrezhykayorqtnwd/Build/Products/Release-iphoneos/AtriaWidget.appex/Info.plist --temp-dir-path /Users/amanpandey/Library/Developer/Xcode/DerivedData/Atria-ctrkttbxjrccqrezhykayorqtnwd/Build/Intermediates.noindex/Atria.build/Release-iphoneos/AtriaWidget.build/ssu --bundle-id com.adidshaft.atria.widget --product-path /Users/amanpandey/Library/Developer/Xcode/DerivedData/Atria-ctrkttbxjrccqrezhykayorqtnwd/Build/Products/Release-iphoneos/AtriaWidget.appex --extracted-metadata-path /Users/amanpandey/Library/Developer/Xcode/DerivedData/Atria-ctrkttbxjrccqrezhykayorqtnwd/Build/Products/Release-iphoneos/AtriaWidget.appex/Metadata.appintents --metadata-file-list /Users/amanpandey/Library/Developer/Xcode/DerivedData/Atria-ctrkttbxjrccqrezhykayorqtnwd/Build/Intermediates.noindex/Atria.build/Release-iphoneos/AtriaWidget.build/AtriaWidget.DependencyMetadataFileList --source-file /Users/amanpandey/Library/Developer/Xcode/DerivedData/Atria-ctrkttbxjrccqrezhykayorqtnwd/Build/Products/Release-iphoneos/AtriaWidget.appex/Info.plist --archive-ssu-assets
2026-07-03 20:25:05.454 appintentsnltrainingprocessor[28954:10584263] Parsing options for appintentsnltrainingprocessor
2026-07-03 20:25:05.454 appintentsnltrainingprocessor[28954:10584263] Starting AppIntents SSU YAML Generation
2026-07-03 20:25:05.470 appintentsnltrainingprocessor[28954:10584263] No AppShortcuts found - Skipping.

CodeSign /Users/amanpandey/Library/Developer/Xcode/DerivedData/Atria-ctrkttbxjrccqrezhykayorqtnwd/Build/Products/Release-iphoneos/AtriaWidget.appex (in target 'AtriaWidget' from project 'Atria')
    cd /Users/amanpandey/projects/atria/Atria
    
    Signing Identity:     "Apple Development: Aman Pandey (9BFSABP27W)"
    Provisioning Profile: "Atria Development"
                          (b65d5f19-f60c-43cc-9534-5f5cd57f3866)
    
    /usr/bin/codesign --force --sign 8A8084FD4F59CDDD6153B5B39DDFB448D9DAC0B5 --entitlements /Users/amanpandey/Library/Developer/Xcode/DerivedData/Atria-ctrkttbxjrccqrezhykayorqtnwd/Build/Intermediates.noindex/Atria.build/Release-iphoneos/AtriaWidget.build/AtriaWidget.appex.xcent --timestamp\=none --generate-entitlement-der /Users/amanpandey/Library/Developer/Xcode/DerivedData/Atria-ctrkttbxjrccqrezhykayorqtnwd/Build/Products/Release-iphoneos/AtriaWidget.appex

RegisterExecutionPolicyException /Users/amanpandey/Library/Developer/Xcode/DerivedData/Atria-ctrkttbxjrccqrezhykayorqtnwd/Build/Products/Release-iphoneos/AtriaWidget.appex (in target 'AtriaWidget' from project 'Atria')
    cd /Users/amanpandey/projects/atria/Atria
    builtin-RegisterExecutionPolicyException /Users/amanpandey/Library/Developer/Xcode/DerivedData/Atria-ctrkttbxjrccqrezhykayorqtnwd/Build/Products/Release-iphoneos/AtriaWidget.appex

Touch /Users/amanpandey/Library/Developer/Xcode/DerivedData/Atria-ctrkttbxjrccqrezhykayorqtnwd/Build/Products/Release-iphoneos/AtriaWidget.appex (in target 'AtriaWidget' from project 'Atria')
    cd /Users/amanpandey/projects/atria/Atria
    /usr/bin/touch -c /Users/amanpandey/Library/Developer/Xcode/DerivedData/Atria-ctrkttbxjrccqrezhykayorqtnwd/Build/Products/Release-iphoneos/AtriaWidget.appex

CopyPNGFile /Users/amanpandey/Library/Developer/Xcode/DerivedData/Atria-ctrkttbxjrccqrezhykayorqtnwd/Build/Products/Release-iphoneos/Atria.app/AtriaIconMint@3x.png /Users/amanpandey/projects/atria/Atria/Atria/AtriaIconMint@3x.png (in target 'Atria' from project 'Atria')
    cd /Users/amanpandey/projects/atria/Atria
    /Applications/Xcode-beta.app/Contents/Developer/usr/bin/copypng -compress -strip-PNG-text /Users/amanpandey/projects/atria/Atria/Atria/AtriaIconMint@3x.png /Users/amanpandey/Library/Developer/Xcode/DerivedData/Atria-ctrkttbxjrccqrezhykayorqtnwd/Build/Products/Release-iphoneos/Atria.app/AtriaIconMint@3x.png

CopyPNGFile /Users/amanpandey/Library/Developer/Xcode/DerivedData/Atria-ctrkttbxjrccqrezhykayorqtnwd/Build/Products/Release-iphoneos/Atria.app/AtriaIconMint@2x.png /Users/amanpandey/projects/atria/Atria/Atria/AtriaIconMint@2x.png (in target 'Atria' from project 'Atria')
    cd /Users/amanpandey/projects/atria/Atria
    /Applications/Xcode-beta.app/Contents/Developer/usr/bin/copypng -compress -strip-PNG-text /Users/amanpandey/projects/atria/Atria/Atria/AtriaIconMint@2x.png /Users/amanpandey/Library/Developer/Xcode/DerivedData/Atria-ctrkttbxjrccqrezhykayorqtnwd/Build/Products/Release-iphoneos/Atria.app/AtriaIconMint@2x.png

CopyPNGFile /Users/amanpandey/Library/Developer/Xcode/DerivedData/Atria-ctrkttbxjrccqrezhykayorqtnwd/Build/Products/Release-iphoneos/Atria.app/AtriaIconGraphite@3x.png /Users/amanpandey/projects/atria/Atria/Atria/AtriaIconGraphite@3x.png (in target 'Atria' from project 'Atria')
    cd /Users/amanpandey/projects/atria/Atria
    /Applications/Xcode-beta.app/Contents/Developer/usr/bin/copypng -compress -strip-PNG-text /Users/amanpandey/projects/atria/Atria/Atria/AtriaIconGraphite@3x.png /Users/amanpandey/Library/Developer/Xcode/DerivedData/Atria-ctrkttbxjrccqrezhykayorqtnwd/Build/Products/Release-iphoneos/Atria.app/AtriaIconGraphite@3x.png

CopyPNGFile /Users/amanpandey/Library/Developer/Xcode/DerivedData/Atria-ctrkttbxjrccqrezhykayorqtnwd/Build/Products/Release-iphoneos/Atria.app/AtriaIconGraphite@2x.png /Users/amanpandey/projects/atria/Atria/Atria/AtriaIconGraphite@2x.png (in target 'Atria' from project 'Atria')
    cd /Users/amanpandey/projects/atria/Atria
    /Applications/Xcode-beta.app/Contents/Developer/usr/bin/copypng -compress -strip-PNG-text /Users/amanpandey/projects/atria/Atria/Atria/AtriaIconGraphite@2x.png /Users/amanpandey/Library/Developer/Xcode/DerivedData/Atria-ctrkttbxjrccqrezhykayorqtnwd/Build/Products/Release-iphoneos/Atria.app/AtriaIconGraphite@2x.png

SwiftDriver\ Compilation Atria normal arm64 com.apple.xcode.tools.swift.compiler (in target 'Atria' from project 'Atria')
    cd /Users/amanpandey/projects/atria/Atria
    builtin-Swift-Compilation -- /Applications/Xcode-beta.app/Contents/Developer/Toolchains/XcodeDefault.xctoolchain/usr/bin/swiftc -module-name Atria -O -whole-module-optimization @/Users/amanpandey/Library/Developer/Xcode/DerivedData/Atria-ctrkttbxjrccqrezhykayorqtnwd/Build/Intermediates.noindex/Atria.build/Release-iphoneos/Atria.build/Objects-normal/arm64/Atria.SwiftFileList -enable-bare-slash-regex -enable-experimental-feature DebugDescriptionMacro -sdk /Applications/Xcode-beta.app/Contents/Developer/Platforms/iPhoneOS.platform/Developer/SDKs/iPhoneOS27.0.sdk -target arm64-apple-ios26.1 -g -module-cache-path /Users/amanpandey/Library/Developer/Xcode/DerivedData/ModuleCache.noindex -Xfrontend -serialize-debugging-options -swift-version 5 -I /Users/amanpandey/Library/Developer/Xcode/DerivedData/Atria-ctrkttbxjrccqrezhykayorqtnwd/Build/Products/Release-iphoneos -F /Users/amanpandey/Library/Developer/Xcode/DerivedData/Atria-ctrkttbxjrccqrezhykayorqtnwd/Build/Products/Release-iphoneos -emit-localized-strings -emit-localized-strings-path /Users/amanpandey/Library/Developer/Xcode/DerivedData/Atria-ctrkttbxjrccqrezhykayorqtnwd/Build/Intermediates.noindex/Atria.build/Release-iphoneos/Atria.build/Objects-normal/arm64 -c -num-threads 14 -Xcc -ivfsstatcache -Xcc /Users/amanpandey/Library/Developer/Xcode/DerivedData/SDKStatCaches.noindex/iphoneos27.0-24A5370g-ab8728d0c5b464cc751fe8b4b02b9db3.sdkstatcache -output-file-map /Users/amanpandey/Library/Developer/Xcode/DerivedData/Atria-ctrkttbxjrccqrezhykayorqtnwd/Build/Intermediates.noindex/Atria.build/Release-iphoneos/Atria.build/Objects-normal/arm64/Atria-OutputFileMap.json -save-temps -no-color-diagnostics -explicit-module-build -module-cache-path /Users/amanpandey/Library/Developer/Xcode/DerivedData/Atria-ctrkttbxjrccqrezhykayorqtnwd/Build/Intermediates.noindex/SwiftExplicitPrecompiledModules -clang-scanner-module-cache-path /Users/amanpandey/Library/Developer/Xcode/DerivedData/ModuleCache.noindex -sdk-module-cache-path /Users/amanpandey/Library/Developer/Xcode/DerivedData/ModuleCache.noindex -emit-dependencies -emit-module -emit-module-path /Users/amanpandey/Library/Developer/Xcode/DerivedData/Atria-ctrkttbxjrccqrezhykayorqtnwd/Build/Intermediates.noindex/Atria.build/Release-iphoneos/Atria.build/Objects-normal/arm64/Atria.swiftmodule -serialize-diagnostics -dependency-scan-serialize-diagnostics-path /Users/amanpandey/Library/Developer/Xcode/DerivedData/Atria-ctrkttbxjrccqrezhykayorqtnwd/Build/Intermediates.noindex/Atria.build/Release-iphoneos/Atria.build/Objects-normal/arm64/Atria-dependency-scan.dia -validate-clang-modules-once -clang-build-session-file /Users/amanpandey/Library/Developer/Xcode/DerivedData/ModuleCache.noindex/Session.modulevalidation -Xcc -fmodules-prune-interval\=86400 -Xcc -fmodules-prune-after\=345600 -emit-const-values -const-gather-protocols-list /Users/amanpandey/Library/Developer/Xcode/DerivedData/Atria-ctrkttbxjrccqrezhykayorqtnwd/Build/Intermediates.noindex/Atria.build/Release-iphoneos/Atria.build/Objects-normal/arm64/Atria_const_extract_protocols.json -Xcc -iquote -Xcc /Users/amanpandey/Library/Developer/Xcode/DerivedData/Atria-ctrkttbxjrccqrezhykayorqtnwd/Build/Intermediates.noindex/Atria.build/Release-iphoneos/Atria.build/Atria-generated-files.hmap -Xcc -I/Users/amanpandey/Library/Developer/Xcode/DerivedData/Atria-ctrkttbxjrccqrezhykayorqtnwd/Build/Intermediates.noindex/Atria.build/Release-iphoneos/Atria.build/Atria-own-target-headers.hmap -Xcc -I/Users/amanpandey/Library/Developer/Xcode/DerivedData/Atria-ctrkttbxjrccqrezhykayorqtnwd/Build/Intermediates.noindex/Atria.build/Release-iphoneos/Atria.build/Atria-all-target-headers.hmap -Xcc -iquote -Xcc /Users/amanpandey/Library/Developer/Xcode/DerivedData/Atria-ctrkttbxjrccqrezhykayorqtnwd/Build/Intermediates.noindex/Atria.build/Release-iphoneos/Atria.build/Atria-project-headers.hmap -Xcc -I/Users/amanpandey/Library/Developer/Xcode/DerivedData/Atria-ctrkttbxjrccqrezhykayorqtnwd/Build/Products/Release-iphoneos/include -Xcc -I/Users/amanpandey/Library/Developer/Xcode/DerivedData/Atria-ctrkttbxjrccqrezhykayorqtnwd/Build/Intermediates.noindex/Atria.build/Release-iphoneos/Atria.build/DerivedSources-normal/arm64 -Xcc -I/Users/amanpandey/Library/Developer/Xcode/DerivedData/Atria-ctrkttbxjrccqrezhykayorqtnwd/Build/Intermediates.noindex/Atria.build/Release-iphoneos/Atria.build/DerivedSources/arm64 -Xcc -I/Users/amanpandey/Library/Developer/Xcode/DerivedData/Atria-ctrkttbxjrccqrezhykayorqtnwd/Build/Intermediates.noindex/Atria.build/Release-iphoneos/Atria.build/DerivedSources -emit-objc-header -emit-objc-header-path /Users/amanpandey/Library/Developer/Xcode/DerivedData/Atria-ctrkttbxjrccqrezhykayorqtnwd/Build/Intermediates.noindex/Atria.build/Release-iphoneos/Atria.build/Objects-normal/arm64/Atria-Swift.h -working-directory /Users/amanpandey/projects/atria/Atria -no-emit-module-separately-wmo

SwiftExplicitDependencyGeneratePcm arm64 /Users/amanpandey/Library/Developer/Xcode/DerivedData/ModuleCache.noindex/_AvailabilityInternal-5O7XHNDVYSSRTSYBO72VEY2Y9.pcm

SwiftExplicitDependencyGeneratePcm arm64 /Users/amanpandey/Library/Developer/Xcode/DerivedData/ModuleCache.noindex/_Builtin_float-DULDSZUYGEZAZ7LYLJZHRHA6N.pcm

SwiftExplicitDependencyGeneratePcm arm64 /Users/amanpandey/Library/Developer/Xcode/DerivedData/ModuleCache.noindex/_SwiftConcurrencyShims-70PQER9L3YECDYUBMISP8E6ZP.pcm

SwiftExplicitDependencyGeneratePcm arm64 /Users/amanpandey/Library/Developer/Xcode/DerivedData/ModuleCache.noindex/ptrauth-C2XQPJ7MMV400B8XDMMRTWVL2.pcm

SwiftExplicitDependencyGeneratePcm arm64 /Users/amanpandey/Library/Developer/Xcode/DerivedData/ModuleCache.noindex/ptrcheck-1UG54E4A2XT7XR30GKCR77I9X.pcm

SwiftExplicitDependencyGeneratePcm arm64 /Users/amanpandey/Library/Developer/Xcode/DerivedData/ModuleCache.noindex/SwiftShims-7MNOLSICC1WCSLVTHG5U1M4SM.pcm

SwiftExplicitDependencyGeneratePcm arm64 /Users/amanpandey/Library/Developer/Xcode/DerivedData/ModuleCache.noindex/DeveloperToolsSupport-73UGX6H66NVELZ2IEKFRRZ4OW.pcm

SwiftExplicitDependencyGeneratePcm arm64 /Users/amanpandey/Library/Developer/Xcode/DerivedData/ModuleCache.noindex/_Builtin_stdarg-BBNQX8QCX5OAA4D6TCMQMR37Z.pcm

SwiftExplicitDependencyGeneratePcm arm64 /Users/amanpandey/Library/Developer/Xcode/DerivedData/ModuleCache.noindex/ActivityKit-CNP9GVBTKVRU4WOTY3T3CW3SE.pcm

SwiftExplicitDependencyGeneratePcm arm64 /Users/amanpandey/Library/Developer/Xcode/DerivedData/ModuleCache.noindex/_Builtin_stddef-7OBZRJW92AU5QJP7JGODFPL6R.pcm

SwiftExplicitDependencyGeneratePcm arm64 /Users/amanpandey/Library/Developer/Xcode/DerivedData/ModuleCache.noindex/_Builtin_stdbool-7P1RSL46O6H8QJ1FFKFGR2699.pcm

SwiftExplicitDependencyGeneratePcm arm64 /Users/amanpandey/Library/Developer/Xcode/DerivedData/ModuleCache.noindex/_DarwinFoundation1-DTDJF9N4IXOBS2D28XK53TA7G.pcm

SwiftExplicitDependencyGeneratePcm arm64 /Users/amanpandey/Library/Developer/Xcode/DerivedData/ModuleCache.noindex/ExtensionFoundation-DK1VR0ZCXCSLA9UR5P3AOUS0G.pcm

SwiftExplicitDependencyGeneratePcm arm64 /Users/amanpandey/Library/Developer/Xcode/DerivedData/ModuleCache.noindex/_DarwinFoundation2-8MCNDNGKHXT75V3L6UZ4XMQKM.pcm

SwiftExplicitDependencyGeneratePcm arm64 /Users/amanpandey/Library/Developer/Xcode/DerivedData/ModuleCache.noindex/_Builtin_limits-6N146OTTKX2K2N8NDCSD2GGS7.pcm

SwiftExplicitDependencyGeneratePcm arm64 /Users/amanpandey/Library/Developer/Xcode/DerivedData/ModuleCache.noindex/string_h-42PLF4YOKW74IRYSEDR9CTB2J.pcm

SwiftExplicitDependencyGeneratePcm arm64 /Users/amanpandey/Library/Developer/Xcode/DerivedData/ModuleCache.noindex/_Builtin_tgmath-4VI3REB1Y2ZTHHVMS1OFVNX1V.pcm

SwiftExplicitDependencyGeneratePcm arm64 /Users/amanpandey/Library/Developer/Xcode/DerivedData/ModuleCache.noindex/_Builtin_stdint-5XNM0H4CNQ8NQHKU70Y2OUQ54.pcm

SwiftExplicitDependencyGeneratePcm arm64 /Users/amanpandey/Library/Developer/Xcode/DerivedData/ModuleCache.noindex/sys_types-EK63BYA9WKPQS1H5ZRX7FAIDI.pcm

SwiftExplicitDependencyGeneratePcm arm64 /Users/amanpandey/Library/Developer/Xcode/DerivedData/ModuleCache.noindex/_DarwinFoundation3-2HN32NW7S3X89849AY9T9K731.pcm

SwiftExplicitDependencyGeneratePcm arm64 /Users/amanpandey/Library/Developer/Xcode/DerivedData/ModuleCache.noindex/_Builtin_intrinsics-CHJLGU1ZRBL8PHOC49JQR08PJ.pcm

SwiftExplicitDependencyGeneratePcm arm64 /Users/amanpandey/Library/Developer/Xcode/DerivedData/ModuleCache.noindex/_Builtin_stdatomic-EKMDQ8Q61DW6DNOYPT7FQCQTT.pcm

SwiftExplicitDependencyGeneratePcm arm64 /Users/amanpandey/Library/Developer/Xcode/DerivedData/ModuleCache.noindex/_Builtin_inttypes-85SL0UUFQWLDJZLJ452CTR11O.pcm

SwiftExplicitDependencyGeneratePcm arm64 /Users/amanpandey/Library/Developer/Xcode/DerivedData/ModuleCache.noindex/Darwin-6LYA9F48WH60FCU868UX42AAF.pcm

SwiftExplicitDependencyGeneratePcm arm64 /Users/amanpandey/Library/Developer/Xcode/DerivedData/ModuleCache.noindex/simd-1KXUF7L8NEZOVCAXSLWN9EI79.pcm

SwiftExplicitDependencyGeneratePcm arm64 /Users/amanpandey/Library/Developer/Xcode/DerivedData/ModuleCache.noindex/Compression-E2SB4D5ZTH67YVCLCJGGONGAE.pcm

SwiftExplicitDependencyGeneratePcm arm64 /Users/amanpandey/Library/Developer/Xcode/DerivedData/ModuleCache.noindex/MachO-E1BDBXNTZ13MDLUZJEKJW511C.pcm

SwiftExplicitDependencyGeneratePcm arm64 /Users/amanpandey/Library/Developer/Xcode/DerivedData/ModuleCache.noindex/ObjectiveC-D7MVF2AZHJ37NOLNGNT8PNZL6.pcm

SwiftExplicitDependencyGeneratePcm arm64 /Users/amanpandey/Library/Developer/Xcode/DerivedData/ModuleCache.noindex/os_object-BMQTITB0R8TLCNMC7Q1O5QMVY.pcm

SwiftExplicitDependencyGeneratePcm arm64 /Users/amanpandey/Library/Developer/Xcode/DerivedData/ModuleCache.noindex/Spatial-42B9Y3UOWL7Z8X3XFOMUE6HFN.pcm

SwiftExplicitDependencyGeneratePcm arm64 /Users/amanpandey/Library/Developer/Xcode/DerivedData/ModuleCache.noindex/os_workgroup-3Q2NTD23TJG3C7ZGJTT2BIOJE.pcm

SwiftExplicitDependencyGeneratePcm arm64 /Users/amanpandey/Library/Developer/Xcode/DerivedData/ModuleCache.noindex/Dispatch-7AAL8RNP7W5XZLZAV92XY8BZM.pcm

SwiftExplicitDependencyGeneratePcm arm64 /Users/amanpandey/Library/Developer/Xcode/DerivedData/ModuleCache.noindex/dnssd-1SXTC9L19I2LSRHO8QZZWMHNV.pcm

SwiftExplicitDependencyGeneratePcm arm64 /Users/amanpandey/Library/Developer/Xcode/DerivedData/ModuleCache.noindex/XPC-DORJHNAA7RFCN67ANI4A2LCKZ.pcm

SwiftExplicitDependencyGeneratePcm arm64 /Users/amanpandey/Library/Developer/Xcode/DerivedData/ModuleCache.noindex/CoreFoundation-8ZQ4M2SJU8U0RIDSWJ4YN77LM.pcm

SwiftExplicitDependencyGeneratePcm arm64 /Users/amanpandey/Library/Developer/Xcode/DerivedData/ModuleCache.noindex/os-5SAJUGZA44AI7ZMB2WMUL3P0U.pcm

SwiftExplicitDependencyGeneratePcm arm64 /Users/amanpandey/Library/Developer/Xcode/DerivedData/ModuleCache.noindex/Security-4YO14PSRSF32Z3OGDRM46M7O2.pcm

SwiftExplicitDependencyGeneratePcm arm64 /Users/amanpandey/Library/Developer/Xcode/DerivedData/ModuleCache.noindex/CoreGraphics-DHYSAG3LWCHMVN72KT6MZ7PB.pcm

SwiftExplicitDependencyGeneratePcm arm64 /Users/amanpandey/Library/Developer/Xcode/DerivedData/ModuleCache.noindex/CoreAudioTypes-BBJ71R5W60X64N9A74A7OUBZ3.pcm

SwiftExplicitDependencyGeneratePcm arm64 /Users/amanpandey/Library/Developer/Xcode/DerivedData/ModuleCache.noindex/CFNetwork-4NENURCEQPZLG3HLAFNA3ZN0X.pcm

SwiftExplicitDependencyGeneratePcm arm64 /Users/amanpandey/Library/Developer/Xcode/DerivedData/ModuleCache.noindex/CoreAudio-5E4PHWPGT8Q7YNJM3VCD37V15.pcm

SwiftExplicitDependencyGeneratePcm arm64 /Users/amanpandey/Library/Developer/Xcode/DerivedData/ModuleCache.noindex/Foundation-ARAG3FUBU57NAKMXCLHIVIAYG.pcm

SwiftExplicitDependencyGeneratePcm arm64 /Users/amanpandey/Library/Developer/Xcode/DerivedData/ModuleCache.noindex/CoreText-YZTCPKFY6VG6L0O2LCBJJLVB.pcm

SwiftExplicitDependencyGeneratePcm arm64 /Users/amanpandey/Library/Developer/Xcode/DerivedData/ModuleCache.noindex/ImageIO-CPGOF16PWTA9SDXJ0TWVMN9LO.pcm

LinkAssetCatalog /Users/amanpandey/projects/atria/Atria/Atria/Assets.xcassets (in target 'Atria' from project 'Atria')
    cd /Users/amanpandey/projects/atria/Atria
    builtin-linkAssetCatalog --thinned /Users/amanpandey/Library/Developer/Xcode/DerivedData/Atria-ctrkttbxjrccqrezhykayorqtnwd/Build/Intermediates.noindex/Atria.build/Release-iphoneos/Atria.build/assetcatalog_output/thinned --thinned-dependencies /Users/amanpandey/Library/Developer/Xcode/DerivedData/Atria-ctrkttbxjrccqrezhykayorqtnwd/Build/Intermediates.noindex/Atria.build/Release-iphoneos/Atria.build/assetcatalog_dependencies_thinned --thinned-info-plist-content /Users/amanpandey/Library/Developer/Xcode/DerivedData/Atria-ctrkttbxjrccqrezhykayorqtnwd/Build/Intermediates.noindex/Atria.build/Release-iphoneos/Atria.build/assetcatalog_generated_info.plist_thinned --unthinned /Users/amanpandey/Library/Developer/Xcode/DerivedData/Atria-ctrkttbxjrccqrezhykayorqtnwd/Build/Intermediates.noindex/Atria.build/Release-iphoneos/Atria.build/assetcatalog_output/unthinned --unthinned-dependencies /Users/amanpandey/Library/Developer/Xcode/DerivedData/Atria-ctrkttbxjrccqrezhykayorqtnwd/Build/Intermediates.noindex/Atria.build/Release-iphoneos/Atria.build/assetcatalog_dependencies_unthinned --unthinned-info-plist-content /Users/amanpandey/Library/Developer/Xcode/DerivedData/Atria-ctrkttbxjrccqrezhykayorqtnwd/Build/Intermediates.noindex/Atria.build/Release-iphoneos/Atria.build/assetcatalog_generated_info.plist_unthinned --output /Users/amanpandey/Library/Developer/Xcode/DerivedData/Atria-ctrkttbxjrccqrezhykayorqtnwd/Build/Products/Release-iphoneos/Atria.app --plist-output /Users/amanpandey/Library/Developer/Xcode/DerivedData/Atria-ctrkttbxjrccqrezhykayorqtnwd/Build/Intermediates.noindex/Atria.build/Release-iphoneos/Atria.build/assetcatalog_generated_info.plist
note: Emplaced /Users/amanpandey/Library/Developer/Xcode/DerivedData/Atria-ctrkttbxjrccqrezhykayorqtnwd/Build/Products/Release-iphoneos/Atria.app/Assets.car (in target 'Atria' from project 'Atria')
note: Emplaced /Users/amanpandey/Library/Developer/Xcode/DerivedData/Atria-ctrkttbxjrccqrezhykayorqtnwd/Build/Products/Release-iphoneos/Atria.app/AppIcon76x76@2x~ipad.png (in target 'Atria' from project 'Atria')
note: Emplaced /Users/amanpandey/Library/Developer/Xcode/DerivedData/Atria-ctrkttbxjrccqrezhykayorqtnwd/Build/Products/Release-iphoneos/Atria.app/AppIcon60x60@2x.png (in target 'Atria' from project 'Atria')

SwiftExplicitDependencyGeneratePcm arm64 /Users/amanpandey/Library/Developer/Xcode/DerivedData/ModuleCache.noindex/AppIntentsTypeSupport-B6MCCHTU0JHBQ9DSW6SEBG8WV.pcm

SwiftExplicitDependencyGeneratePcm arm64 /Users/amanpandey/Library/Developer/Xcode/DerivedData/ModuleCache.noindex/Accessibility-CFWBEEKC1G0VXUKKKDMHRJF73.pcm

SwiftExplicitDependencyGeneratePcm arm64 /Users/amanpandey/Library/Developer/Xcode/DerivedData/ModuleCache.noindex/FileProvider-DJ6YB8LE5U0MZ30ZMMA9VT1LN.pcm

SwiftExplicitDependencyGeneratePcm arm64 /Users/amanpandey/Library/Developer/Xcode/DerivedData/ModuleCache.noindex/CoreMIDI-ASQ8XBJVE06DQ6G1TR9FVBPIP.pcm

SwiftExplicitDependencyGeneratePcm arm64 /Users/amanpandey/Library/Developer/Xcode/DerivedData/ModuleCache.noindex/Network-AQZMXTN8AYMVLH8FB2XWBQVAK.pcm

SwiftExplicitDependencyGeneratePcm arm64 /Users/amanpandey/Library/Developer/Xcode/DerivedData/ModuleCache.noindex/LocalAuthentication-7C3JMCPF35DD0TLM40D9MY7OC.pcm

SwiftExplicitDependencyGeneratePcm arm64 /Users/amanpandey/Library/Developer/Xcode/DerivedData/ModuleCache.noindex/AppIntents-3W4HV8035DW1TSNL8RVF31DCF.pcm

SwiftExplicitDependencyGeneratePcm arm64 /Users/amanpandey/Library/Developer/Xcode/DerivedData/ModuleCache.noindex/UIUtilities-D38CYY7W37GJFTURGQG4KXR2R.pcm

SwiftExplicitDependencyGeneratePcm arm64 /Users/amanpandey/Library/Developer/Xcode/DerivedData/ModuleCache.noindex/Symbols-B5BEZ1L9F48WFH12CV5V6R24I.pcm

SwiftExplicitDependencyGeneratePcm arm64 /Users/amanpandey/Library/Developer/Xcode/DerivedData/ModuleCache.noindex/AlarmKit-EW3LWVPUV4SI58J5AENGFIAK8.pcm

SwiftExplicitDependencyGeneratePcm arm64 /Users/amanpandey/Library/Developer/Xcode/DerivedData/ModuleCache.noindex/_LocationEssentials-60Q0T3WUM5BU5BX6NH6KSGXTF.pcm

SwiftExplicitDependencyGeneratePcm arm64 /Users/amanpandey/Library/Developer/Xcode/DerivedData/ModuleCache.noindex/CoreTransferable-7VFHASUZKXK1LJCORHF3NPF46.pcm

SwiftExplicitDependencyGeneratePcm arm64 /Users/amanpandey/Library/Developer/Xcode/DerivedData/ModuleCache.noindex/IOSurface-AMPFO2O8PFDYVKV5X4HOZLMAJ.pcm

SwiftExplicitDependencyGeneratePcm arm64 /Users/amanpandey/Library/Developer/Xcode/DerivedData/ModuleCache.noindex/WidgetKit-928IO9NYISRDFA51HNWKFWEX3.pcm

SwiftExplicitDependencyGeneratePcm arm64 /Users/amanpandey/Library/Developer/Xcode/DerivedData/ModuleCache.noindex/CoreData-41WU3EWHN71H4KNT6Y530C1H6.pcm

SwiftExplicitDependencyGeneratePcm arm64 /Users/amanpandey/Library/Developer/Xcode/DerivedData/ModuleCache.noindex/RelevanceKit-3FSSDHHL7KKHZ5CTX2S768YHS.pcm

SwiftExplicitDependencyGeneratePcm arm64 /Users/amanpandey/Library/Developer/Xcode/DerivedData/ModuleCache.noindex/CallKit-DCKS7G7K2OCJOJGPVGSOQ8BLJ.pcm

SwiftExplicitDependencyGeneratePcm arm64 /Users/amanpandey/Library/Developer/Xcode/DerivedData/ModuleCache.noindex/OSLog-D11ODJASZ67ANINZQNTOX1LBW.pcm

SwiftExplicitDependencyGeneratePcm arm64 /Users/amanpandey/Library/Developer/Xcode/DerivedData/ModuleCache.noindex/DataDetection-E1H01270HOKYRSK6XZJ6OL18E.pcm

SwiftExplicitDependencyGeneratePcm arm64 /Users/amanpandey/Library/Developer/Xcode/DerivedData/ModuleCache.noindex/CoreBluetooth-EK949DLAJWDQN3O5FSVONZRSJ.pcm

SwiftExplicitDependencyGeneratePcm arm64 /Users/amanpandey/Library/Developer/Xcode/DerivedData/ModuleCache.noindex/CoreLocation-DIZLFTEPNVHG6FR5IN04Y64C9.pcm

SwiftExplicitDependencyGeneratePcm arm64 /Users/amanpandey/Library/Developer/Xcode/DerivedData/ModuleCache.noindex/UniformTypeIdentifiers-CZUSYGTQ9T490U9VAMMKMYZZO.pcm

SwiftExplicitDependencyGeneratePcm arm64 /Users/amanpandey/Library/Developer/Xcode/DerivedData/ModuleCache.noindex/BackgroundTasks-5B8MJX1Z65Y2RW01PFMVOFY66.pcm

SwiftExplicitDependencyGeneratePcm arm64 /Users/amanpandey/Library/Developer/Xcode/DerivedData/ModuleCache.noindex/UserNotifications-F4LR7NEIE07WNBBDYSAE6F1AM.pcm

SwiftExplicitDependencyGeneratePcm arm64 /Users/amanpandey/Library/Developer/Xcode/DerivedData/ModuleCache.noindex/OpenGLES-BUKGSEI9E3RP849TSGB1XQQQO.pcm

SwiftExplicitDependencyGeneratePcm arm64 /Users/amanpandey/Library/Developer/Xcode/DerivedData/ModuleCache.noindex/Metal-CU9A070XSYH656LN8R1XN5ZUV.pcm

SwiftExplicitDependencyGeneratePcm arm64 /Users/amanpandey/Library/Developer/Xcode/DerivedData/ModuleCache.noindex/AVRouting-ASJGR8LG1NTT4AEYCFB5QYN9P.pcm

SwiftExplicitDependencyGeneratePcm arm64 /Users/amanpandey/Library/Developer/Xcode/DerivedData/ModuleCache.noindex/AudioToolbox-AHAY6VUXKPZBTG56BXZ9TJ82W.pcm

SwiftExplicitDependencyGeneratePcm arm64 /Users/amanpandey/Library/Developer/Xcode/DerivedData/ModuleCache.noindex/CoreSpotlight-VNBWGH3AFJPNTXISBSB1RHB3.pcm

SwiftExplicitDependencyGeneratePcm arm64 /Users/amanpandey/Library/Developer/Xcode/DerivedData/ModuleCache.noindex/HealthKit-AQLAA4W3QBJNSLS0P6SCXB44I.pcm

SwiftExplicitDependencyGeneratePcm arm64 /Users/amanpandey/Library/Developer/Xcode/DerivedData/ModuleCache.noindex/Intents-DYG764QO6BNJ9J2MDVOFSKA4J.pcm

SwiftExplicitDependencyGeneratePcm arm64 /Users/amanpandey/Library/Developer/Xcode/DerivedData/ModuleCache.noindex/CloudKit-BNS5BFLT3A8QPV1LUPYJU17MN.pcm

SwiftExplicitDependencyGeneratePcm arm64 /Users/amanpandey/Library/Developer/Xcode/DerivedData/ModuleCache.noindex/CoreMotion-816TGRTABHX0YH1RQNRKE9P4A.pcm

SwiftExplicitDependencyGeneratePcm arm64 /Users/amanpandey/Library/Developer/Xcode/DerivedData/ModuleCache.noindex/CoreVideo-19IGM5DLWH2F9YZBG7WL9UYRY.pcm

SwiftExplicitDependencyGeneratePcm arm64 /Users/amanpandey/Library/Developer/Xcode/DerivedData/ModuleCache.noindex/CoreMedia-5W5NH2JAZYAW1OIRH8KN5JI6V.pcm

SwiftExplicitDependencyGeneratePcm arm64 /Users/amanpandey/Library/Developer/Xcode/DerivedData/ModuleCache.noindex/CoreImage-8KZ7KW8M7N4GS1JR4QL36YQYL.pcm

SwiftExplicitDependencyGeneratePcm arm64 /Users/amanpandey/Library/Developer/Xcode/DerivedData/ModuleCache.noindex/QuartzCore-9FD79FBZLWTNVA2XDJRBNKVK3.pcm

SwiftExplicitDependencyGeneratePcm arm64 /Users/amanpandey/Library/Developer/Xcode/DerivedData/ModuleCache.noindex/SwiftUICore-6D10MRWVUTRAK023YZT8M5Y4P.pcm

SwiftExplicitDependencyGeneratePcm arm64 /Users/amanpandey/Library/Developer/Xcode/DerivedData/ModuleCache.noindex/VideoToolbox-E1FZOL4NFSE0AF22UGV8KN9W8.pcm

SwiftExplicitDependencyGeneratePcm arm64 /Users/amanpandey/Library/Developer/Xcode/DerivedData/ModuleCache.noindex/MediaToolbox-239S6UG8Y80IB1UWUFNAICICF.pcm

SwiftExplicitDependencyGeneratePcm arm64 /Users/amanpandey/Library/Developer/Xcode/DerivedData/ModuleCache.noindex/AVFAudio-B3F9A46WEHI3LI80DDWHKA3NS.pcm

SwiftExplicitDependencyGeneratePcm arm64 /Users/amanpandey/Library/Developer/Xcode/DerivedData/ModuleCache.noindex/UIKit-D34SB9G7X9OG6O29UO104TH0Q.pcm

SwiftExplicitDependencyGeneratePcm arm64 /Users/amanpandey/Library/Developer/Xcode/DerivedData/ModuleCache.noindex/AVFoundation-AW6CN9T7M6XX19L5I2WWSL2M3.pcm

SwiftExplicitDependencyGeneratePcm arm64 /Users/amanpandey/Library/Developer/Xcode/DerivedData/ModuleCache.noindex/Photos-8UCOTNF9LPT6IPHOVTHCRAH9D.pcm

SwiftExplicitDependencyGeneratePcm arm64 /Users/amanpandey/Library/Developer/Xcode/DerivedData/ModuleCache.noindex/ExtensionKit-9CUOBDJ0HY8P8TNOEOFXTFOO2.pcm

SwiftExplicitDependencyGeneratePcm arm64 /Users/amanpandey/Library/Developer/Xcode/DerivedData/ModuleCache.noindex/SwiftUI-3IMWVG0KPKUEMXRVZTXUV2Y8Q.pcm

SwiftExplicitDependencyGeneratePcm arm64 /Users/amanpandey/Library/Developer/Xcode/DerivedData/ModuleCache.noindex/PhotosUI-7I3EM6INBBQXFIYCT03XK4T8A.pcm

SwiftCompile normal arm64 Compiling\ ActiveSessionJournal.swift,\ AtriaAICoach.swift,\ AtriaAICoachCard.swift,\ AtriaAnalytics.swift,\ AtriaApp.swift,\ AtriaAppIntents.swift,\ AtriaBackupCompression.swift,\ AtriaBehaviorImpact.swift,\ AtriaBLEManager.swift,\ AtriaBreathworkSession.swift,\ AtriaCustomizeSheet.swift,\ AtriaDebugLogging.swift,\ AtriaDefault.swift,\ AtriaDesignTokens.swift,\ AtriaDeveloperMode.swift,\ AtriaEntitlements.swift,\ AtriaExerciseCatalog.swift,\ AtriaFitnessAge.swift,\ AtriaHapticAlerts.swift,\ AtriaHealthScreen.swift,\ AtriaHeartRateBroadcaster.swift,\ AtriaHeroConnectionSections.swift,\ AtriaHighlights.swift,\ AtriaHomeLayoutConfig.swift,\ AtriaHomeShellSupport.swift,\ AtriaHomeView.swift,\ AtriaIMUDecoder.swift,\ AtriaLiveActivityAttributes.swift,\ AtriaLiveActivityCoordinator.swift,\ AtriaLiveWorkoutView.swift,\ AtriaManualSleepSheet.swift,\ AtriaMaxHRSuggestion.swift,\ AtriaMediaControls.swift,\ AtriaMetricRing.swift,\ AtriaMetricTargets.swift,\ AtriaNutritionContext.swift,\ AtriaOnboardingFlow.swift,\ AtriaOverviewSections.swift,\ AtriaRawExport.swift,\ AtriaResearchProbe.swift,\ AtriaSettingsView.swift,\ AtriaShareCard.swift,\ AtriaSharedChrome.swift,\ AtriaSharedUIComponents.swift,\ AtriaSleepBudget.swift,\ AtriaSleepWakeResearch.swift,\ AtriaStrapScreen.swift,\ AtriaStrapStepResearch.swift,\ AtriaStrengthLog.swift,\ AtriaTodayScreen.swift,\ AtriaTrendChart.swift,\ AtriaTriRing.swift,\ AtriaVitalsCollectionSections.swift,\ AtriaWakeAlarm.swift,\ AtriaWeeklyPlan.swift,\ AtriaWeeklyReport.swift,\ AtriaWidgetProofSheet.swift,\ AtriaWorkoutPromptEvaluator.swift,\ AtriaZipWriter.swift,\ ContentView.swift,\ DailyRollupStore.swift,\ Dashboard.swift,\ FrameParser.swift,\ HealthKitExporter.swift,\ HeartRate.swift,\ HistoricalArchive.swift,\ HRV.swift,\ Insights.swift,\ LocalNotificationScheduler.swift,\ Metrics.swift,\ Sessions.swift,\ WidgetSnapshot.swift,\ GeneratedAssetSymbols.swift /Users/amanpandey/projects/atria/Atria/Atria/ActiveSessionJournal.swift /Users/amanpandey/projects/atria/Atria/Atria/AtriaAICoach.swift /Users/amanpandey/projects/atria/Atria/Atria/AtriaAICoachCard.swift /Users/amanpandey/projects/atria/Atria/Atria/AtriaAnalytics.swift /Users/amanpandey/projects/atria/Atria/Atria/AtriaApp.swift /Users/amanpandey/projects/atria/Atria/Atria/AtriaAppIntents.swift /Users/amanpandey/projects/atria/Atria/Atria/AtriaBackupCompression.swift /Users/amanpandey/projects/atria/Atria/Atria/AtriaBehaviorImpact.swift /Users/amanpandey/projects/atria/Atria/Atria/AtriaBLEManager.swift /Users/amanpandey/projects/atria/Atria/Atria/AtriaBreathworkSession.swift /Users/amanpandey/projects/atria/Atria/Atria/AtriaCustomizeSheet.swift /Users/amanpandey/projects/atria/Atria/Atria/AtriaDebugLogging.swift /Users/amanpandey/projects/atria/Atria/Atria/AtriaDefault.swift /Users/amanpandey/projects/atria/Atria/Atria/AtriaDesignTokens.swift /Users/amanpandey/projects/atria/Atria/Atria/AtriaDeveloperMode.swift /Users/amanpandey/projects/atria/Atria/Atria/AtriaEntitlements.swift /Users/amanpandey/projects/atria/Atria/Atria/AtriaExerciseCatalog.swift /Users/amanpandey/projects/atria/Atria/Atria/AtriaFitnessAge.swift /Users/amanpandey/projects/atria/Atria/Atria/AtriaHapticAlerts.swift /Users/amanpandey/projects/atria/Atria/Atria/AtriaHealthScreen.swift /Users/amanpandey/projects/atria/Atria/Atria/AtriaHeartRateBroadcaster.swift /Users/amanpandey/projects/atria/Atria/Atria/AtriaHeroConnectionSections.swift /Users/amanpandey/projects/atria/Atria/Atria/AtriaHighlights.swift /Users/amanpandey/projects/atria/Atria/Atria/AtriaHomeLayoutConfig.swift /Users/amanpandey/projects/atria/Atria/Atria/AtriaHomeShellSupport.swift /Users/amanpandey/projects/atria/Atria/Atria/AtriaHomeView.swift /Users/amanpandey/projects/atria/Atria/Atria/AtriaIMUDecoder.swift /Users/amanpandey/projects/atria/Atria/Atria/AtriaLiveActivityAttributes.swift /Users/amanpandey/projects/atria/Atria/Atria/AtriaLiveActivityCoordinator.swift /Users/amanpandey/projects/atria/Atria/Atria/AtriaLiveWorkoutView.swift /Users/amanpandey/projects/atria/Atria/Atria/AtriaManualSleepSheet.swift /Users/amanpandey/projects/atria/Atria/Atria/AtriaMaxHRSuggestion.swift /Users/amanpandey/projects/atria/Atria/Atria/AtriaMediaControls.swift /Users/amanpandey/projects/atria/Atria/Atria/AtriaMetricRing.swift /Users/amanpandey/projects/atria/Atria/Atria/AtriaMetricTargets.swift /Users/amanpandey/projects/atria/Atria/Atria/AtriaNutritionContext.swift /Users/amanpandey/projects/atria/Atria/Atria/AtriaOnboardingFlow.swift /Users/amanpandey/projects/atria/Atria/Atria/AtriaOverviewSections.swift /Users/amanpandey/projects/atria/Atria/Atria/AtriaRawExport.swift /Users/amanpandey/projects/atria/Atria/Atria/AtriaResearchProbe.swift /Users/amanpandey/projects/atria/Atria/Atria/AtriaSettingsView.swift /Users/amanpandey/projects/atria/Atria/Atria/AtriaShareCard.swift /Users/amanpandey/projects/atria/Atria/Atria/AtriaSharedChrome.swift /Users/amanpandey/projects/atria/Atria/Atria/AtriaSharedUIComponents.swift /Users/amanpandey/projects/atria/Atria/Atria/AtriaSleepBudget.swift /Users/amanpandey/projects/atria/Atria/Atria/AtriaSleepWakeResearch.swift /Users/amanpandey/projects/atria/Atria/Atria/AtriaStrapScreen.swift /Users/amanpandey/projects/atria/Atria/Atria/AtriaStrapStepResearch.swift /Users/amanpandey/projects/atria/Atria/Atria/AtriaStrengthLog.swift /Users/amanpandey/projects/atria/Atria/Atria/AtriaTodayScreen.swift /Users/amanpandey/projects/atria/Atria/Atria/AtriaTrendChart.swift /Users/amanpandey/projects/atria/Atria/Atria/AtriaTriRing.swift /Users/amanpandey/projects/atria/Atria/Atria/AtriaVitalsCollectionSections.swift /Users/amanpandey/projects/atria/Atria/Atria/AtriaWakeAlarm.swift /Users/amanpandey/projects/atria/Atria/Atria/AtriaWeeklyPlan.swift /Users/amanpandey/projects/atria/Atria/Atria/AtriaWeeklyReport.swift /Users/amanpandey/projects/atria/Atria/Atria/AtriaWidgetProofSheet.swift /Users/amanpandey/projects/atria/Atria/Atria/AtriaWorkoutPromptEvaluator.swift /Users/amanpandey/projects/atria/Atria/Atria/AtriaZipWriter.swift /Users/amanpandey/projects/atria/Atria/Atria/ContentView.swift /Users/amanpandey/projects/atria/Atria/Atria/DailyRollupStore.swift /Users/amanpandey/projects/atria/Atria/Atria/Dashboard.swift /Users/amanpandey/projects/atria/Atria/Atria/FrameParser.swift /Users/amanpandey/projects/atria/Atria/Atria/HealthKitExporter.swift /Users/amanpandey/projects/atria/Atria/Atria/HeartRate.swift /Users/amanpandey/projects/atria/Atria/Atria/HistoricalArchive.swift /Users/amanpandey/projects/atria/Atria/Atria/HRV.swift /Users/amanpandey/projects/atria/Atria/Atria/Insights.swift /Users/amanpandey/projects/atria/Atria/Atria/LocalNotificationScheduler.swift /Users/amanpandey/projects/atria/Atria/Atria/Metrics.swift /Users/amanpandey/projects/atria/Atria/Atria/Sessions.swift /Users/amanpandey/projects/atria/Atria/Atria/WidgetSnapshot.swift /Users/amanpandey/Library/Developer/Xcode/DerivedData/Atria-ctrkttbxjrccqrezhykayorqtnwd/Build/Intermediates.noindex/Atria.build/Release-iphoneos/Atria.build/DerivedSources/GeneratedAssetSymbols.swift /Applications/Xcode-beta.app/Contents/Developer/Toolchains/XcodeDefault.xctoolchain/usr/lib/swift/iphoneos/prebuilt-modules/27.0/Dispatch.swiftmodule/arm64e-apple-ios.swiftmodule /Applications/Xcode-beta.app/Contents/Developer/Toolchains/XcodeDefault.xctoolchain/usr/lib/swift/iphoneos/prebuilt-modules/27.0/CoreSpotlight.swiftmodule/arm64e-apple-ios.swiftmodule /Applications/Xcode-beta.app/Contents/Developer/Toolchains/XcodeDefault.xctoolchain/usr/lib/swift/iphoneos/prebuilt-modules/27.0/Distributed.swiftmodule/arm64e-apple-ios.swiftmodule /Applications/Xcode-beta.app/Contents/Developer/Toolchains/XcodeDefault.xctoolchain/usr/lib/swift/iphoneos/prebuilt-modules/27.0/Charts.swiftmodule/arm64e-apple-ios.swiftmodule /Applications/Xcode-beta.app/Contents/Developer/Toolchains/XcodeDefault.xctoolchain/usr/lib/swift/iphoneos/prebuilt-modules/27.0/Observation.swiftmodule/arm64e-apple-ios.swiftmodule /Applications/Xcode-beta.app/Contents/Developer/Toolchains/XcodeDefault.xctoolchain/usr/lib/swift/iphoneos/prebuilt-modules/27.0/CoreFoundation.swiftmodule/arm64e-apple-ios.swiftmodule /Applications/Xcode-beta.app/Contents/Developer/Toolchains/XcodeDefault.xctoolchain/usr/lib/swift/iphoneos/prebuilt-modules/27.0/PhotosUI.swiftmodule/arm64e-apple-ios.swiftmodule /Applications/Xcode-beta.app/Contents/Developer/Toolchains/XcodeDefault.xctoolchain/usr/lib/swift/iphoneos/prebuilt-modules/27.0/HealthKit.swiftmodule/arm64e-apple-ios.swiftmodule /Applications/Xcode-beta.app/Contents/Developer/Toolchains/XcodeDefault.xctoolchain/usr/lib/swift/iphoneos/prebuilt-modules/27.0/CoreVideo.swiftmodule/arm64e-apple-ios.swiftmodule /Applications/Xcode-beta.app/Contents/Developer/Toolchains/XcodeDefault.xctoolchain/usr/lib/swift/iphoneos/prebuilt-modules/27.0/Intents.swiftmodule/arm64e-apple-ios.swiftmodule /Applications/Xcode-beta.app/Contents/Developer/Toolchains/XcodeDefault.xctoolchain/usr/lib/swift/iphoneos/prebuilt-modules/27.0/Photos.swiftmodule/arm64e-apple-ios.swiftmodule /Applications/Xcode-beta.app/Contents/Developer/Toolchains/XcodeDefault.xctoolchain/usr/lib/swift/iphoneos/prebuilt-modules/27.0/WidgetKit.swiftmodule/arm64e-apple-ios.swiftmodule /Applications/Xcode-beta.app/Contents/Developer/Toolchains/XcodeDefault.xctoolchain/usr/lib/swift/iphoneos/prebuilt-modules/27.0/_DarwinFoundation2.swiftmodule/arm64e-apple-ios.swiftmodule /Applications/Xcode-beta.app/Contents/Developer/Toolchains/XcodeDefault.xctoolchain/usr/lib/swift/iphoneos/prebuilt-modules/27.0/ExtensionFoundation.swiftmodule/arm64e-apple-ios.swiftmodule /Applications/Xcode-beta.app/Contents/Developer/Toolchains/XcodeDefault.xctoolchain/usr/lib/swift/iphoneos/prebuilt-modules/27.0/AppIntentsTypeSupport.swiftmodule/arm64e-apple-ios.swiftmodule /Applications/Xcode-beta.app/Contents/Developer/Toolchains/XcodeDefault.xctoolchain/usr/lib/swift/iphoneos/prebuilt-modules/27.0/Network.swiftmodule/arm64e-apple-ios.swiftmodule /Applications/Xcode-beta.app/Contents/Developer/Toolchains/XcodeDefault.xctoolchain/usr/lib/swift/iphoneos/prebuilt-modules/27.0/Darwin.swiftmodule/arm64e-apple-ios.swiftmodule /Applications/Xcode-beta.app/Contents/Developer/Toolchains/XcodeDefault.xctoolchain/usr/lib/swift/iphoneos/prebuilt-modules/27.0/XPC.swiftmodule/arm64e-apple-ios.swiftmodule /Applications/Xcode-beta.app/Contents/Developer/Toolchains/XcodeDefault.xctoolchain/usr/lib/swift/iphoneos/prebuilt-modules/27.0/CoreGraphics.swiftmodule/arm64e-apple-ios.swiftmodule /Applications/Xcode-beta.app/Contents/Developer/Toolchains/XcodeDefault.xctoolchain/usr/lib/swift/iphoneos/prebuilt-modules/27.0/UniformTypeIdentifiers.swiftmodule/arm64e-apple-ios.swiftmodule /Applications/Xcode-beta.app/Contents/Developer/Toolchains/XcodeDefault.xctoolchain/usr/lib/swift/iphoneos/prebuilt-modules/27.0/Foundation.swiftmodule/arm64e-apple-ios.swiftmodule /Applications/Xcode-beta.app/Contents/Developer/Toolchains/XcodeDefault.xctoolchain/usr/lib/swift/iphoneos/prebuilt-modules/27.0/DeveloperToolsSupport.swiftmodule/arm64e-apple-ios.swiftmodule /Applications/Xcode-beta.app/Contents/Developer/Toolchains/XcodeDefault.xctoolchain/usr/lib/swift/iphoneos/prebuilt-modules/27.0/CloudKit.swiftmodule/arm64e-apple-ios.swiftmodule /Applications/Xcode-beta.app/Contents/Developer/Toolchains/XcodeDefault.xctoolchain/usr/lib/swift/iphoneos/prebuilt-modules/27.0/simd.swiftmodule/arm64e-apple-ios.swiftmodule /Applications/Xcode-beta.app/Contents/Developer/Toolchains/XcodeDefault.xctoolchain/usr/lib/swift/iphoneos/prebuilt-modules/27.0/CoreLocation.swiftmodule/arm64e-apple-ios.swiftmodule /Applications/Xcode-beta.app/Contents/Developer/Toolchains/XcodeDefault.xctoolchain/usr/lib/swift/iphoneos/prebuilt-modules/27.0/CallKit.swiftmodule/arm64e-apple-ios.swiftmodule /Applications/Xcode-beta.app/Contents/Developer/Toolchains/XcodeDefault.xctoolchain/usr/lib/swift/iphoneos/prebuilt-modules/27.0/CoreTransferable.swiftmodule/arm64e-apple-ios.swiftmodule /Applications/Xcode-beta.app/Contents/Developer/Toolchains/XcodeDefault.xctoolchain/usr/lib/swift/iphoneos/prebuilt-modules/27.0/CoreMIDI.swiftmodule/arm64e-apple-ios.swiftmodule /Applications/Xcode-beta.app/Contents/Developer/Toolchains/XcodeDefault.xctoolchain/usr/lib/swift/iphoneos/prebuilt-modules/27.0/_DarwinFoundation3.swiftmodule/arm64e-apple-ios.swiftmodule /Applications/Xcode-beta.app/Contents/Developer/Toolchains/XcodeDefault.xctoolchain/usr/lib/swift/iphoneos/prebuilt-modules/27.0/LightweightCodeRequirements.swiftmodule/arm64e-apple-ios.swiftmodule /Applications/Xcode-beta.app/Contents/Developer/Toolchains/XcodeDefault.xctoolchain/usr/lib/swift/iphoneos/prebuilt-modules/27.0/DataDetection.swiftmodule/arm64e-apple-ios.swiftmodule /Applications/Xcode-beta.app/Contents/Developer/Toolchains/XcodeDefault.xctoolchain/usr/lib/swift/iphoneos/prebuilt-modules/27.0/Compression.swiftmodule/arm64e-apple-ios.swiftmodule /Applications/Xcode-beta.app/Contents/Developer/Toolchains/XcodeDefault.xctoolchain/usr/lib/swift/iphoneos/prebuilt-modules/27.0/os.swiftmodule/arm64e-apple-ios.swiftmodule /Applications/Xcode-beta.app/Contents/Developer/Toolchains/XcodeDefault.xctoolchain/usr/lib/swift/iphoneos/prebuilt-modules/27.0/Metal.swiftmodule/arm64e-apple-ios.swiftmodule /Applications/Xcode-beta.app/Contents/Developer/Toolchains/XcodeDefault.xctoolchain/usr/lib/swift/iphoneos/prebuilt-modules/27.0/Spatial.swiftmodule/arm64e-apple-ios.swiftmodule /Applications/Xcode-beta.app/Contents/Developer/Toolchains/XcodeDefault.xctoolchain/usr/lib/swift/iphoneos/prebuilt-modules/27.0/_StringProcessing.swiftmodule/arm64e-apple-ios.swiftmodule /Applications/Xcode-beta.app/Contents/Developer/Toolchains/XcodeDefault.xctoolchain/usr/lib/swift/iphoneos/prebuilt-modules/27.0/Symbols.swiftmodule/arm64e-apple-ios.swiftmodule /Applications/Xcode-beta.app/Contents/Developer/Toolchains/XcodeDefault.xctoolchain/usr/lib/swift/iphoneos/prebuilt-modules/27.0/OSLog.swiftmodule/arm64e-apple-ios.swiftmodule /Applications/Xcode-beta.app/Contents/Developer/Toolchains/XcodeDefault.xctoolchain/usr/lib/swift/iphoneos/prebuilt-modules/27.0/FileProvider.swiftmodule/arm64e-apple-ios.swiftmodule /Applications/Xcode-beta.app/Contents/Developer/Toolchains/XcodeDefault.xctoolchain/usr/lib/swift/iphoneos/prebuilt-modules/27.0/Combine.swiftmodule/arm64e-apple-ios.swiftmodule /Applications/Xcode-beta.app/Contents/Developer/Toolchains/XcodeDefault.xctoolchain/usr/lib/swift/iphoneos/prebuilt-modules/27.0/ExtensionKit.swiftmodule/arm64e-apple-ios.swiftmodule /Applications/Xcode-beta.app/Contents/Developer/Toolchains/XcodeDefault.xctoolchain/usr/lib/swift/iphoneos/prebuilt-modules/27.0/_Concurrency.swiftmodule/arm64e-apple-ios.swiftmodule /Applications/Xcode-beta.app/Contents/Developer/Toolchains/XcodeDefault.xctoolchain/usr/lib/swift/iphoneos/prebuilt-modules/27.0/CoreMedia.swiftmodule/arm64e-apple-ios.swiftmodule /Applications/Xcode-beta.app/Contents/Developer/Toolchains/XcodeDefault.xctoolchain/usr/lib/swift/iphoneos/prebuilt-modules/27.0/CoreData.swiftmodule/arm64e-apple-ios.swiftmodule /Applications/Xcode-beta.app/Contents/Developer/Toolchains/XcodeDefault.xctoolchain/usr/lib/swift/iphoneos/prebuilt-modules/27.0/Accessibility.swiftmodule/arm64e-apple-ios.swiftmodule /Applications/Xcode-beta.app/Contents/Developer/Toolchains/XcodeDefault.xctoolchain/usr/lib/swift/iphoneos/prebuilt-modules/27.0/ActivityKit.swiftmodule/arm64e-apple-ios.swiftmodule /Applications/Xcode-beta.app/Contents/Developer/Toolchains/XcodeDefault.xctoolchain/usr/lib/swift/iphoneos/prebuilt-modules/27.0/ObjectiveC.swiftmodule/arm64e-apple-ios.swiftmodule /Applications/Xcode-beta.app/Contents/Developer/Toolchains/XcodeDefault.xctoolchain/usr/lib/swift/iphoneos/prebuilt-modules/27.0/_Builtin_float.swiftmodule/arm64e-apple-ios.swiftmodule /Applications/Xcode-beta.app/Contents/Developer/Toolchains/XcodeDefault.xctoolchain/usr/lib/swift/iphoneos/prebuilt-modules/27.0/QuartzCore.swiftmodule/arm64e-apple-ios.swiftmodule /Applications/Xcode-beta.app/Contents/Developer/Toolchains/XcodeDefault.xctoolchain/usr/lib/swift/iphoneos/prebuilt-modules/27.0/AVFoundation.swiftmodule/arm64e-apple-ios.swiftmodule /Applications/Xcode-beta.app/Contents/Developer/Toolchains/XcodeDefault.xctoolchain/usr/lib/swift/iphoneos/prebuilt-modules/27.0/AudioToolbox.swiftmodule/arm64e-apple-ios.swiftmodule /Applications/Xcode-beta.app/Contents/Developer/Toolchains/XcodeDefault.xctoolchain/usr/lib/swift/iphoneos/prebuilt-modules/27.0/CoreAudio.swiftmodule/arm64e-apple-ios.swiftmodule /Applications/Xcode-beta.app/Contents/Developer/Toolchains/XcodeDefault.xctoolchain/usr/lib/swift/iphoneos/prebuilt-modules/27.0/MediaToolbox.swiftmodule/arm64e-apple-ios.swiftmodule /Applications/Xcode-beta.app/Contents/Developer/Toolchains/XcodeDefault.xctoolchain/usr/lib/swift/iphoneos/prebuilt-modules/27.0/_DarwinFoundation1.swiftmodule/arm64e-apple-ios.swiftmodule /Applications/Xcode-beta.app/Contents/Developer/Toolchains/XcodeDefault.xctoolchain/usr/lib/swift/iphoneos/prebuilt-modules/27.0/CoreMotion.swiftmodule/arm64e-apple-ios.swiftmodule /Applications/Xcode-beta.app/Contents/Developer/Toolchains/XcodeDefault.xctoolchain/usr/lib/swift/iphoneos/prebuilt-modules/27.0/_PhotosUI_SwiftUI.swiftmodule/arm64e-apple-ios.swiftmodule /Applications/Xcode-beta.app/Contents/Developer/Toolchains/XcodeDefault.xctoolchain/usr/lib/swift/iphoneos/prebuilt-modules/27.0/AlarmKit.swiftmodule/arm64e-apple-ios.swiftmodule /Applications/Xcode-beta.app/Contents/Developer/Toolchains/XcodeDefault.xctoolchain/usr/lib/swift/iphoneos/prebuilt-modules/27.0/UIKit.swiftmodule/arm64e-apple-ios.swiftmodule /Applications/Xcode-beta.app/Contents/Developer/Toolchains/XcodeDefault.xctoolchain/usr/lib/swift/iphoneos/prebuilt-modules/27.0/VideoToolbox.swiftmodule/arm64e-apple-ios.swiftmodule /Applications/Xcode-beta.app/Contents/Developer/Toolchains/XcodeDefault.xctoolchain/usr/lib/swift/iphoneos/prebuilt-modules/27.0/ImageIO.swiftmodule/arm64e-apple-ios.swiftmodule /Applications/Xcode-beta.app/Contents/Developer/Toolchains/XcodeDefault.xctoolchain/usr/lib/swift/iphoneos/prebuilt-modules/27.0/System.swiftmodule/arm64e-apple-ios.swiftmodule /Applications/Xcode-beta.app/Contents/Developer/Toolchains/XcodeDefault.xctoolchain/usr/lib/swift/iphoneos/prebuilt-modules/27.0/Swift.swiftmodule/arm64e-apple-ios.swiftmodule /Applications/Xcode-beta.app/Contents/Developer/Toolchains/XcodeDefault.xctoolchain/usr/lib/swift/iphoneos/prebuilt-modules/27.0/SwiftUI.swiftmodule/arm64e-apple-ios.swiftmodule /Applications/Xcode-beta.app/Contents/Developer/Toolchains/XcodeDefault.xctoolchain/usr/lib/swift/iphoneos/prebuilt-modules/27.0/CoreText.swiftmodule/arm64e-apple-ios.swiftmodule /Applications/Xcode-beta.app/Contents/Developer/Toolchains/XcodeDefault.xctoolchain/usr/lib/swift/iphoneos/prebuilt-modules/27.0/_AppIntents_SwiftUI.swiftmodule/arm64e-apple-ios.swiftmodule /Applications/Xcode-beta.app/Contents/Developer/Toolchains/XcodeDefault.xctoolchain/usr/lib/swift/iphoneos/prebuilt-modules/27.0/SwiftUICore.swiftmodule/arm64e-apple-ios.swiftmodule /Applications/Xcode-beta.app/Contents/Developer/Toolchains/XcodeDefault.xctoolchain/usr/lib/swift/iphoneos/prebuilt-modules/27.0/LocalAuthentication.swiftmodule/arm64e-apple-ios.swiftmodule /Applications/Xcode-beta.app/Contents/Developer/Toolchains/XcodeDefault.xctoolchain/usr/lib/swift/iphoneos/prebuilt-modules/27.0/CoreImage.swiftmodule/arm64e-apple-ios.swiftmodule /Applications/Xcode-beta.app/Contents/Developer/Toolchains/XcodeDefault.xctoolchain/usr/lib/swift/iphoneos/prebuilt-modules/27.0/CryptoKit.swiftmodule/arm64e-apple-ios.swiftmodule /Applications/Xcode-beta.app/Contents/Developer/Toolchains/XcodeDefault.xctoolchain/usr/lib/swift/iphoneos/prebuilt-modules/27.0/RelevanceKit.swiftmodule/arm64e-apple-ios.swiftmodule /Applications/Xcode-beta.app/Contents/Developer/Toolchains/XcodeDefault.xctoolchain/usr/lib/swift/iphoneos/prebuilt-modules/27.0/AVFAudio.swiftmodule/arm64e-apple-ios.swiftmodule /Applications/Xcode-beta.app/Contents/Developer/Toolchains/XcodeDefault.xctoolchain/usr/lib/swift/iphoneos/prebuilt-modules/27.0/AppIntents.swiftmodule/arm64e-apple-ios.swiftmodule /Users/amanpandey/Library/Developer/Xcode/DerivedData/ModuleCache.noindex/AudioToolbox-AHAY6VUXKPZBTG56BXZ9TJ82W.pcm /Users/amanpandey/Library/Developer/Xcode/DerivedData/ModuleCache.noindex/SwiftShims-7MNOLSICC1WCSLVTHG5U1M4SM.pcm /Users/amanpandey/Library/Developer/Xcode/DerivedData/ModuleCache.noindex/_DarwinFoundation1-DTDJF9N4IXOBS2D28XK53TA7G.pcm /Users/amanpandey/Library/Developer/Xcode/DerivedData/ModuleCache.noindex/XPC-DORJHNAA7RFCN67ANI4A2LCKZ.pcm /Users/amanpandey/Library/Developer/Xcode/DerivedData/ModuleCache.noindex/PhotosUI-7I3EM6INBBQXFIYCT03XK4T8A.pcm /Users/amanpandey/Library/Developer/Xcode/DerivedData/ModuleCache.noindex/ExtensionFoundation-DK1VR0ZCXCSLA9UR5P3AOUS0G.pcm /Users/amanpandey/Library/Developer/Xcode/DerivedData/ModuleCache.noindex/CoreMotion-816TGRTABHX0YH1RQNRKE9P4A.pcm /Users/amanpandey/Library/Developer/Xcode/DerivedData/ModuleCache.noindex/CFNetwork-4NENURCEQPZLG3HLAFNA3ZN0X.pcm /Users/amanpandey/Library/Developer/Xcode/DerivedData/ModuleCache.noindex/_SwiftConcurrencyShims-70PQER9L3YECDYUBMISP8E6ZP.pcm /Users/amanpandey/Library/Developer/Xcode/DerivedData/ModuleCache.noindex/_Builtin_intrinsics-CHJLGU1ZRBL8PHOC49JQR08PJ.pcm /Users/amanpandey/Library/Developer/Xcode/DerivedData/ModuleCache.noindex/IOSurface-AMPFO2O8PFDYVKV5X4HOZLMAJ.pcm /Users/amanpandey/Library/Developer/Xcode/DerivedData/ModuleCache.noindex/_Builtin_tgmath-4VI3REB1Y2ZTHHVMS1OFVNX1V.pcm /Users/amanpandey/Library/Developer/Xcode/DerivedData/ModuleCache.noindex/string_h-42PLF4YOKW74IRYSEDR9CTB2J.pcm /Users/amanpandey/Library/Developer/Xcode/DerivedData/ModuleCache.noindex/_DarwinFoundation3-2HN32NW7S3X89849AY9T9K731.pcm /Users/amanpandey/Library/Developer/Xcode/DerivedData/ModuleCache.noindex/Dispatch-7AAL8RNP7W5XZLZAV92XY8BZM.pcm /Users/amanpandey/Library/Developer/Xcode/DerivedData/ModuleCache.noindex/SwiftUI-3IMWVG0KPKUEMXRVZTXUV2Y8Q.pcm /Users/amanpandey/Library/Developer/Xcode/DerivedData/ModuleCache.noindex/MediaToolbox-239S6UG8Y80IB1UWUFNAICICF.pcm /Users/amanpandey/Library/Developer/Xcode/DerivedData/ModuleCache.noindex/ptrauth-C2XQPJ7MMV400B8XDMMRTWVL2.pcm /Users/amanpandey/Library/Developer/Xcode/DerivedData/ModuleCache.noindex/UIKit-D34SB9G7X9OG6O29UO104TH0Q.pcm /Users/amanpandey/Library/Developer/Xcode/DerivedData/ModuleCache.noindex/Foundation-ARAG3FUBU57NAKMXCLHIVIAYG.pcm /Users/amanpandey/Library/Developer/Xcode/DerivedData/ModuleCache.noindex/Security-4YO14PSRSF32Z3OGDRM46M7O2.pcm /Users/amanpandey/Library/Developer/Xcode/DerivedData/ModuleCache.noindex/FileProvider-DJ6YB8LE5U0MZ30ZMMA9VT1LN.pcm /Users/amanpandey/Library/Developer/Xcode/DerivedData/ModuleCache.noindex/CoreGraphics-DHYSAG3LWCHMVN72KT6MZ7PB.pcm /Users/amanpandey/Library/Developer/Xcode/DerivedData/ModuleCache.noindex/AlarmKit-EW3LWVPUV4SI58J5AENGFIAK8.pcm /Users/amanpandey/Library/Developer/Xcode/DerivedData/ModuleCache.noindex/CoreSpotlight-VNBWGH3AFJPNTXISBSB1RHB3.pcm /Users/amanpandey/Library/Developer/Xcode/DerivedData/ModuleCache.noindex/LocalAuthentication-7C3JMCPF35DD0TLM40D9MY7OC.pcm /Users/amanpandey/Library/Developer/Xcode/DerivedData/ModuleCache.noindex/Symbols-B5BEZ1L9F48WFH12CV5V6R24I.pcm /Users/amanpandey/Library/Developer/Xcode/DerivedData/ModuleCache.noindex/AppIntentsTypeSupport-B6MCCHTU0JHBQ9DSW6SEBG8WV.pcm /Users/amanpandey/Library/Developer/Xcode/DerivedData/ModuleCache.noindex/_Builtin_inttypes-85SL0UUFQWLDJZLJ452CTR11O.pcm /Users/amanpandey/Library/Developer/Xcode/DerivedData/ModuleCache.noindex/os_workgroup-3Q2NTD23TJG3C7ZGJTT2BIOJE.pcm /Users/amanpandey/Library/Developer/Xcode/DerivedData/ModuleCache.noindex/_Builtin_stdatomic-EKMDQ8Q61DW6DNOYPT7FQCQTT.pcm /Users/amanpandey/Library/Developer/Xcode/DerivedData/ModuleCache.noindex/Network-AQZMXTN8AYMVLH8FB2XWBQVAK.pcm /Users/amanpandey/Library/Developer/Xcode/DerivedData/ModuleCache.noindex/CoreLocation-DIZLFTEPNVHG6FR5IN04Y64C9.pcm /Users/amanpandey/Library/Developer/Xcode/DerivedData/ModuleCache.noindex/CoreData-41WU3EWHN71H4KNT6Y530C1H6.pcm /Users/amanpandey/Library/Developer/Xcode/DerivedData/ModuleCache.noindex/UserNotifications-F4LR7NEIE07WNBBDYSAE6F1AM.pcm /Users/amanpandey/Library/Developer/Xcode/DerivedData/ModuleCache.noindex/ptrcheck-1UG54E4A2XT7XR30GKCR77I9X.pcm /Users/amanpandey/Library/Developer/Xcode/DerivedData/ModuleCache.noindex/CoreMedia-5W5NH2JAZYAW1OIRH8KN5JI6V.pcm /Users/amanpandey/Library/Developer/Xcode/DerivedData/ModuleCache.noindex/CoreBluetooth-EK949DLAJWDQN3O5FSVONZRSJ.pcm /Users/amanpandey/Library/Developer/Xcode/DerivedData/ModuleCache.noindex/ActivityKit-CNP9GVBTKVRU4WOTY3T3CW3SE.pcm /Users/amanpandey/Library/Developer/Xcode/DerivedData/ModuleCache.noindex/simd-1KXUF7L8NEZOVCAXSLWN9EI79.pcm /Users/amanpandey/Library/Developer/Xcode/DerivedData/ModuleCache.noindex/Intents-DYG764QO6BNJ9J2MDVOFSKA4J.pcm /Users/amanpandey/Library/Developer/Xcode/DerivedData/ModuleCache.noindex/AppIntents-3W4HV8035DW1TSNL8RVF31DCF.pcm /Users/amanpandey/Library/Developer/Xcode/DerivedData/ModuleCache.noindex/ObjectiveC-D7MVF2AZHJ37NOLNGNT8PNZL6.pcm /Users/amanpandey/Library/Developer/Xcode/DerivedData/ModuleCache.noindex/_Builtin_float-DULDSZUYGEZAZ7LYLJZHRHA6N.pcm /Users/amanpandey/Library/Developer/Xcode/DerivedData/ModuleCache.noindex/CoreFoundation-8ZQ4M2SJU8U0RIDSWJ4YN77LM.pcm /Users/amanpandey/Library/Developer/Xcode/DerivedData/ModuleCache.noindex/dnssd-1SXTC9L19I2LSRHO8QZZWMHNV.pcm /Users/amanpandey/Library/Developer/Xcode/DerivedData/ModuleCache.noindex/CoreVideo-19IGM5DLWH2F9YZBG7WL9UYRY.pcm /Users/amanpandey/Library/Developer/Xcode/DerivedData/ModuleCache.noindex/Metal-CU9A070XSYH656LN8R1XN5ZUV.pcm /Users/amanpandey/Library/Developer/Xcode/DerivedData/ModuleCache.noindex/CoreMIDI-ASQ8XBJVE06DQ6G1TR9FVBPIP.pcm /Users/amanpandey/Library/Developer/Xcode/DerivedData/ModuleCache.noindex/Accessibility-CFWBEEKC1G0VXUKKKDMHRJF73.pcm /Users/amanpandey/Library/Developer/Xcode/DerivedData/ModuleCache.noindex/HealthKit-AQLAA4W3QBJNSLS0P6SCXB44I.pcm /Users/amanpandey/Library/Developer/Xcode/DerivedData/ModuleCache.noindex/_Builtin_stdarg-BBNQX8QCX5OAA4D6TCMQMR37Z.pcm /Users/amanpandey/Library/Developer/Xcode/DerivedData/ModuleCache.noindex/CoreImage-8KZ7KW8M7N4GS1JR4QL36YQYL.pcm /Users/amanpandey/Library/Developer/Xcode/DerivedData/ModuleCache.noindex/MachO-E1BDBXNTZ13MDLUZJEKJW511C.pcm /Users/amanpandey/Library/Developer/Xcode/DerivedData/ModuleCache.noindex/CoreAudioTypes-BBJ71R5W60X64N9A74A7OUBZ3.pcm /Users/amanpandey/Library/Developer/Xcode/DerivedData/ModuleCache.noindex/DataDetection-E1H01270HOKYRSK6XZJ6OL18E.pcm /Users/amanpandey/Library/Developer/Xcode/DerivedData/ModuleCache.noindex/Darwin-6LYA9F48WH60FCU868UX42AAF.pcm /Users/amanpandey/Library/Developer/Xcode/DerivedData/ModuleCache.noindex/_Builtin_stddef-7OBZRJW92AU5QJP7JGODFPL6R.pcm /Users/amanpandey/Library/Developer/Xcode/DerivedData/ModuleCache.noindex/ExtensionKit-9CUOBDJ0HY8P8TNOEOFXTFOO2.pcm /Users/amanpandey/Library/Developer/Xcode/DerivedData/ModuleCache.noindex/AVFAudio-B3F9A46WEHI3LI80DDWHKA3NS.pcm /Users/amanpandey/Library/Developer/Xcode/DerivedData/ModuleCache.noindex/AVFoundation-AW6CN9T7M6XX19L5I2WWSL2M3.pcm /Users/amanpandey/Library/Developer/Xcode/DerivedData/ModuleCache.noindex/_LocationEssentials-60Q0T3WUM5BU5BX6NH6KSGXTF.pcm /Users/amanpandey/Library/Developer/Xcode/DerivedData/ModuleCache.noindex/CoreAudio-5E4PHWPGT8Q7YNJM3VCD37V15.pcm /Users/amanpandey/Library/Developer/Xcode/DerivedData/ModuleCache.noindex/_Builtin_stdint-5XNM0H4CNQ8NQHKU70Y2OUQ54.pcm /Users/amanpandey/Library/Developer/Xcode/DerivedData/ModuleCache.noindex/Compression-E2SB4D5ZTH67YVCLCJGGONGAE.pcm /Users/amanpandey/Library/Developer/Xcode/DerivedData/ModuleCache.noindex/BackgroundTasks-5B8MJX1Z65Y2RW01PFMVOFY66.pcm /Users/amanpandey/Library/Developer/Xcode/DerivedData/ModuleCache.noindex/CoreText-YZTCPKFY6VG6L0O2LCBJJLVB.pcm /Users/amanpandey/Library/Developer/Xcode/DerivedData/ModuleCache.noindex/ImageIO-CPGOF16PWTA9SDXJ0TWVMN9LO.pcm /Users/amanpandey/Library/Developer/Xcode/DerivedData/ModuleCache.noindex/AVRouting-ASJGR8LG1NTT4AEYCFB5QYN9P.pcm /Users/amanpandey/Library/Developer/Xcode/DerivedData/ModuleCache.noindex/UIUtilities-D38CYY7W37GJFTURGQG4KXR2R.pcm /Users/amanpandey/Library/Developer/Xcode/DerivedData/ModuleCache.noindex/sys_types-EK63BYA9WKPQS1H5ZRX7FAIDI.pcm /Users/amanpandey/Library/Developer/Xcode/DerivedData/ModuleCache.noindex/UniformTypeIdentifiers-CZUSYGTQ9T490U9VAMMKMYZZO.pcm /Users/amanpandey/Library/Developer/Xcode/DerivedData/ModuleCache.noindex/SwiftUICore-6D10MRWVUTRAK023YZT8M5Y4P.pcm /Users/amanpandey/Library/Developer/Xcode/DerivedData/ModuleCache.noindex/os-5SAJUGZA44AI7ZMB2WMUL3P0U.pcm /Users/amanpandey/Library/Developer/Xcode/DerivedData/ModuleCache.noindex/os_object-BMQTITB0R8TLCNMC7Q1O5QMVY.pcm /Users/amanpandey/Library/Developer/Xcode/DerivedData/ModuleCache.noindex/VideoToolbox-E1FZOL4NFSE0AF22UGV8KN9W8.pcm /Users/amanpandey/Library/Developer/Xcode/DerivedData/ModuleCache.noindex/CoreTransferable-7VFHASUZKXK1LJCORHF3NPF46.pcm /Users/amanpandey/Library/Developer/Xcode/DerivedData/ModuleCache.noindex/CallKit-DCKS7G7K2OCJOJGPVGSOQ8BLJ.pcm /Users/amanpandey/Library/Developer/Xcode/DerivedData/ModuleCache.noindex/CloudKit-BNS5BFLT3A8QPV1LUPYJU17MN.pcm /Users/amanpandey/Library/Developer/Xcode/DerivedData/ModuleCache.noindex/_Builtin_stdbool-7P1RSL46O6H8QJ1FFKFGR2699.pcm /Users/amanpandey/Library/Developer/Xcode/DerivedData/ModuleCache.noindex/DeveloperToolsSupport-73UGX6H66NVELZ2IEKFRRZ4OW.pcm /Users/amanpandey/Library/Developer/Xcode/DerivedData/ModuleCache.noindex/Spatial-42B9Y3UOWL7Z8X3XFOMUE6HFN.pcm /Users/amanpandey/Library/Developer/Xcode/DerivedData/ModuleCache.noindex/QuartzCore-9FD79FBZLWTNVA2XDJRBNKVK3.pcm /Users/amanpandey/Library/Developer/Xcode/DerivedData/ModuleCache.noindex/_Builtin_limits-6N146OTTKX2K2N8NDCSD2GGS7.pcm /Users/amanpandey/Library/Developer/Xcode/DerivedData/ModuleCache.noindex/_DarwinFoundation2-8MCNDNGKHXT75V3L6UZ4XMQKM.pcm /Users/amanpandey/Library/Developer/Xcode/DerivedData/ModuleCache.noindex/WidgetKit-928IO9NYISRDFA51HNWKFWEX3.pcm /Users/amanpandey/Library/Developer/Xcode/DerivedData/ModuleCache.noindex/RelevanceKit-3FSSDHHL7KKHZ5CTX2S768YHS.pcm /Users/amanpandey/Library/Developer/Xcode/DerivedData/ModuleCache.noindex/OpenGLES-BUKGSEI9E3RP849TSGB1XQQQO.pcm /Users/amanpandey/Library/Developer/Xcode/DerivedData/ModuleCache.noindex/Photos-8UCOTNF9LPT6IPHOVTHCRAH9D.pcm /Users/amanpandey/Library/Developer/Xcode/DerivedData/ModuleCache.noindex/_AvailabilityInternal-5O7XHNDVYSSRTSYBO72VEY2Y9.pcm /Users/amanpandey/Library/Developer/Xcode/DerivedData/ModuleCache.noindex/OSLog-D11ODJASZ67ANINZQNTOX1LBW.pcm /Users/amanpandey/Library/Developer/Xcode/DerivedData/Atria-ctrkttbxjrccqrezhykayorqtnwd/Build/Intermediates.noindex/Atria.build/Release-iphoneos/Atria.build/Objects-normal/arm64/Atria-dependencies-1.json (in target 'Atria' from project 'Atria')

SwiftCompile normal arm64 (in target 'Atria' from project 'Atria')
    cd /Users/amanpandey/projects/atria/Atria
    

/Users/amanpandey/projects/atria/Atria/Atria/Sessions.swift:3154:50: warning: 'weak' ownership of capture 'self' differs from implicitly-captured strong reference in outer scope [#ImplicitStrongCapture]
 3145 |         historySnapshot = HistorySnapshot.sessionsOnly(sourceSessions, maxHR: maxHR)
 3146 |         if deferred {
 3147 |             DispatchQueue.global(qos: .utility).asyncAfter(deadline: .now() + 0.12) {
      |                                                                                     |- note: 'self' implicitly strongly captured here
      |                                                                                     `- note: add 'self' as a capture list item to silence
 3148 |                 let snapshots = Self.makeHistorySnapshots(sessions: sourceSessions,
 3149 |                                                           confirmedWorkouts: confirmedWorkouts,
      :
 3152 |                                                           rest: rest,
 3153 |                                                           maxHR: maxHR)
 3154 |                 DispatchQueue.main.async { [weak self] in
      |                                                  |- warning: 'weak' ownership of capture 'self' differs from implicitly-captured strong reference in outer scope [#ImplicitStrongCapture]
      |                                                  `- note: explicitly assign the capture list item to silence
 3155 |                     self?.publishFullHistorySnapshotIfCurrent(revision: revision,
 3156 |                                                               history: snapshots.history,

/Users/amanpandey/projects/atria/Atria/Atria/Sessions.swift:3373:46: warning: 'weak' ownership of capture 'self' differs from implicitly-captured strong reference in outer scope [#ImplicitStrongCapture]
 3369 |         let maxHR = profile.maxHR
 3370 |         let delay: TimeInterval = deferred ? 0.12 : 0
 3371 |         DispatchQueue.global(qos: .utility).asyncAfter(deadline: .now() + delay) {
      |                                                                                  |- note: 'self' implicitly strongly captured here
      |                                                                                  `- note: add 'self' as a capture list item to silence
 3372 |             let points = Self.makeOverviewTrendPoints(sessions: source, rest: rest, maxHR: maxHR)
 3373 |             DispatchQueue.main.async { [weak self] in
      |                                              |- warning: 'weak' ownership of capture 'self' differs from implicitly-captured strong reference in outer scope [#ImplicitStrongCapture]
      |                                              `- note: explicitly assign the capture list item to silence
 3374 |                 guard let self, revision == self.overviewTrendPointsRevision else { return }
 3375 |                 self.overviewTrendPoints = points

/Users/amanpandey/projects/atria/Atria/Atria/Sessions.swift:3391:46: warning: 'weak' ownership of capture 'self' differs from implicitly-captured strong reference in outer scope [#ImplicitStrongCapture]
 3385 |         let maxHR = profile.maxHR
 3386 |         let delay: TimeInterval = deferred ? 0.12 : 0
 3387 |         DispatchQueue.global(qos: .utility).asyncAfter(deadline: .now() + delay) {
      |                                                                                  |- note: 'self' implicitly strongly captured here
      |                                                                                  `- note: add 'self' as a capture list item to silence
 3388 |             let summary = Self.makeTrainingLoadSummary(sessions: source,
 3389 |                                                        rest: rest,
 3390 |                                                        maxHR: maxHR)
 3391 |             DispatchQueue.main.async { [weak self] in
      |                                              |- warning: 'weak' ownership of capture 'self' differs from implicitly-captured strong reference in outer scope [#ImplicitStrongCapture]
      |                                              `- note: explicitly assign the capture list item to silence
 3392 |                 guard let self, revision == self.trainingLoadSummaryRevision else { return }
 3393 |                 self.trainingLoadSummarySnapshot = summary

/Users/amanpandey/projects/atria/Atria/Atria/Sessions.swift:3402:46: warning: 'weak' ownership of capture 'self' differs from implicitly-captured strong reference in outer scope [#ImplicitStrongCapture]
 3397 | 
 3398 |     func refreshHistoricalArchiveStatus(reason: String = "manual") {
 3399 |         DispatchQueue.global(qos: .utility).async {
      |                                                   |- note: 'self' implicitly strongly captured here
      |                                                   `- note: add 'self' as a capture list item to silence
 3400 |             let diagnostics = HistoricalArchive.diagnostics()
 3401 |             let status = HistoricalArchiveStatus(diagnostics: diagnostics)
 3402 |             DispatchQueue.main.async { [weak self] in
      |                                              |- warning: 'weak' ownership of capture 'self' differs from implicitly-captured strong reference in outer scope [#ImplicitStrongCapture]
      |                                              `- note: explicitly assign the capture list item to silence
 3403 |                 self?.historicalArchiveStatus = status
 3404 |                 if status.metricReady {

/Users/amanpandey/projects/atria/Atria/Atria/Sessions.swift:4137:46: warning: 'weak' ownership of capture 'self' differs from implicitly-captured strong reference in outer scope [#ImplicitStrongCapture]
 4125 |             AtriaBehaviorImpact.Day(day: $0.day, recoveryPercent: $0.recoveryPercent)
 4126 |         }
 4127 |         DispatchQueue.global(qos: .utility).async {
      |                                                   |- note: 'self' implicitly strongly captured here
      |                                                   `- note: add 'self' as a capture list item to silence
 4128 |             let summaries = Self.sortedBehaviorCorrelationSummaries(
 4129 |                 Self.makeBehaviorCorrelationSummaries(sessions: sourceSessions,
      :
 4135 |                                                         journalEntries: journalEntries)
 4136 |             let insights = Self.deriveInsights(from: summaries)
 4137 |             DispatchQueue.main.async { [weak self] in
      |                                              |- warning: 'weak' ownership of capture 'self' differs from implicitly-captured strong reference in outer scope [#ImplicitStrongCapture]
      |                                              `- note: explicitly assign the capture list item to silence
 4138 |                 guard let self else { return }
 4139 |                 self.behaviorCorrelationSummariesCache = summaries

[#ImplicitStrongCapture]: <https://docs.swift.org/compiler/documentation/diagnostics/implicit-strong-capture>
SwiftDriverJobDiscovery normal arm64 Compiling ActiveSessionJournal.swift, AtriaAICoach.swift, AtriaAICoachCard.swift, AtriaAnalytics.swift, AtriaApp.swift, AtriaAppIntents.swift, AtriaBackupCompression.swift, AtriaBehaviorImpact.swift, AtriaBLEManager.swift, AtriaBreathworkSession.swift, AtriaCustomizeSheet.swift, AtriaDebugLogging.swift, AtriaDefault.swift, AtriaDesignTokens.swift, AtriaDeveloperMode.swift, AtriaEntitlements.swift, AtriaExerciseCatalog.swift, AtriaFitnessAge.swift, AtriaHapticAlerts.swift, AtriaHealthScreen.swift, AtriaHeartRateBroadcaster.swift, AtriaHeroConnectionSections.swift, AtriaHighlights.swift, AtriaHomeLayoutConfig.swift, AtriaHomeShellSupport.swift, AtriaHomeView.swift, AtriaIMUDecoder.swift, AtriaLiveActivityAttributes.swift, AtriaLiveActivityCoordinator.swift, AtriaLiveWorkoutView.swift, AtriaManualSleepSheet.swift, AtriaMaxHRSuggestion.swift, AtriaMediaControls.swift, AtriaMetricRing.swift, AtriaMetricTargets.swift, AtriaNutritionContext.swift, AtriaOnboardingFlow.swift, AtriaOverviewSections.swift, AtriaRawExport.swift, AtriaResearchProbe.swift, AtriaSettingsView.swift, AtriaShareCard.swift, AtriaSharedChrome.swift, AtriaSharedUIComponents.swift, AtriaSleepBudget.swift, AtriaSleepWakeResearch.swift, AtriaStrapScreen.swift, AtriaStrapStepResearch.swift, AtriaStrengthLog.swift, AtriaTodayScreen.swift, AtriaTrendChart.swift, AtriaTriRing.swift, AtriaVitalsCollectionSections.swift, AtriaWakeAlarm.swift, AtriaWeeklyPlan.swift, AtriaWeeklyReport.swift, AtriaWidgetProofSheet.swift, AtriaWorkoutPromptEvaluator.swift, AtriaZipWriter.swift, ContentView.swift, DailyRollupStore.swift, Dashboard.swift, FrameParser.swift, HealthKitExporter.swift, HeartRate.swift, HistoricalArchive.swift, HRV.swift, Insights.swift, LocalNotificationScheduler.swift, Metrics.swift, Sessions.swift, WidgetSnapshot.swift, GeneratedAssetSymbols.swift (in target 'Atria' from project 'Atria')

SwiftDriver\ Compilation\ Requirements Atria normal arm64 com.apple.xcode.tools.swift.compiler (in target 'Atria' from project 'Atria')
    cd /Users/amanpandey/projects/atria/Atria
    builtin-Swift-Compilation-Requirements -- /Applications/Xcode-beta.app/Contents/Developer/Toolchains/XcodeDefault.xctoolchain/usr/bin/swiftc -module-name Atria -O -whole-module-optimization @/Users/amanpandey/Library/Developer/Xcode/DerivedData/Atria-ctrkttbxjrccqrezhykayorqtnwd/Build/Intermediates.noindex/Atria.build/Release-iphoneos/Atria.build/Objects-normal/arm64/Atria.SwiftFileList -enable-bare-slash-regex -enable-experimental-feature DebugDescriptionMacro -sdk /Applications/Xcode-beta.app/Contents/Developer/Platforms/iPhoneOS.platform/Developer/SDKs/iPhoneOS27.0.sdk -target arm64-apple-ios26.1 -g -module-cache-path /Users/amanpandey/Library/Developer/Xcode/DerivedData/ModuleCache.noindex -Xfrontend -serialize-debugging-options -swift-version 5 -I /Users/amanpandey/Library/Developer/Xcode/DerivedData/Atria-ctrkttbxjrccqrezhykayorqtnwd/Build/Products/Release-iphoneos -F /Users/amanpandey/Library/Developer/Xcode/DerivedData/Atria-ctrkttbxjrccqrezhykayorqtnwd/Build/Products/Release-iphoneos -emit-localized-strings -emit-localized-strings-path /Users/amanpandey/Library/Developer/Xcode/DerivedData/Atria-ctrkttbxjrccqrezhykayorqtnwd/Build/Intermediates.noindex/Atria.build/Release-iphoneos/Atria.build/Objects-normal/arm64 -c -num-threads 14 -Xcc -ivfsstatcache -Xcc /Users/amanpandey/Library/Developer/Xcode/DerivedData/SDKStatCaches.noindex/iphoneos27.0-24A5370g-ab8728d0c5b464cc751fe8b4b02b9db3.sdkstatcache -output-file-map /Users/amanpandey/Library/Developer/Xcode/DerivedData/Atria-ctrkttbxjrccqrezhykayorqtnwd/Build/Intermediates.noindex/Atria.build/Release-iphoneos/Atria.build/Objects-normal/arm64/Atria-OutputFileMap.json -save-temps -no-color-diagnostics -explicit-module-build -module-cache-path /Users/amanpandey/Library/Developer/Xcode/DerivedData/Atria-ctrkttbxjrccqrezhykayorqtnwd/Build/Intermediates.noindex/SwiftExplicitPrecompiledModules -clang-scanner-module-cache-path /Users/amanpandey/Library/Developer/Xcode/DerivedData/ModuleCache.noindex -sdk-module-cache-path /Users/amanpandey/Library/Developer/Xcode/DerivedData/ModuleCache.noindex -emit-dependencies -emit-module -emit-module-path /Users/amanpandey/Library/Developer/Xcode/DerivedData/Atria-ctrkttbxjrccqrezhykayorqtnwd/Build/Intermediates.noindex/Atria.build/Release-iphoneos/Atria.build/Objects-normal/arm64/Atria.swiftmodule -serialize-diagnostics -dependency-scan-serialize-diagnostics-path /Users/amanpandey/Library/Developer/Xcode/DerivedData/Atria-ctrkttbxjrccqrezhykayorqtnwd/Build/Intermediates.noindex/Atria.build/Release-iphoneos/Atria.build/Objects-normal/arm64/Atria-dependency-scan.dia -validate-clang-modules-once -clang-build-session-file /Users/amanpandey/Library/Developer/Xcode/DerivedData/ModuleCache.noindex/Session.modulevalidation -Xcc -fmodules-prune-interval\=86400 -Xcc -fmodules-prune-after\=345600 -emit-const-values -const-gather-protocols-list /Users/amanpandey/Library/Developer/Xcode/DerivedData/Atria-ctrkttbxjrccqrezhykayorqtnwd/Build/Intermediates.noindex/Atria.build/Release-iphoneos/Atria.build/Objects-normal/arm64/Atria_const_extract_protocols.json -Xcc -iquote -Xcc /Users/amanpandey/Library/Developer/Xcode/DerivedData/Atria-ctrkttbxjrccqrezhykayorqtnwd/Build/Intermediates.noindex/Atria.build/Release-iphoneos/Atria.build/Atria-generated-files.hmap -Xcc -I/Users/amanpandey/Library/Developer/Xcode/DerivedData/Atria-ctrkttbxjrccqrezhykayorqtnwd/Build/Intermediates.noindex/Atria.build/Release-iphoneos/Atria.build/Atria-own-target-headers.hmap -Xcc -I/Users/amanpandey/Library/Developer/Xcode/DerivedData/Atria-ctrkttbxjrccqrezhykayorqtnwd/Build/Intermediates.noindex/Atria.build/Release-iphoneos/Atria.build/Atria-all-target-headers.hmap -Xcc -iquote -Xcc /Users/amanpandey/Library/Developer/Xcode/DerivedData/Atria-ctrkttbxjrccqrezhykayorqtnwd/Build/Intermediates.noindex/Atria.build/Release-iphoneos/Atria.build/Atria-project-headers.hmap -Xcc -I/Users/amanpandey/Library/Developer/Xcode/DerivedData/Atria-ctrkttbxjrccqrezhykayorqtnwd/Build/Products/Release-iphoneos/include -Xcc -I/Users/amanpandey/Library/Developer/Xcode/DerivedData/Atria-ctrkttbxjrccqrezhykayorqtnwd/Build/Intermediates.noindex/Atria.build/Release-iphoneos/Atria.build/DerivedSources-normal/arm64 -Xcc -I/Users/amanpandey/Library/Developer/Xcode/DerivedData/Atria-ctrkttbxjrccqrezhykayorqtnwd/Build/Intermediates.noindex/Atria.build/Release-iphoneos/Atria.build/DerivedSources/arm64 -Xcc -I/Users/amanpandey/Library/Developer/Xcode/DerivedData/Atria-ctrkttbxjrccqrezhykayorqtnwd/Build/Intermediates.noindex/Atria.build/Release-iphoneos/Atria.build/DerivedSources -emit-objc-header -emit-objc-header-path /Users/amanpandey/Library/Developer/Xcode/DerivedData/Atria-ctrkttbxjrccqrezhykayorqtnwd/Build/Intermediates.noindex/Atria.build/Release-iphoneos/Atria.build/Objects-normal/arm64/Atria-Swift.h -working-directory /Users/amanpandey/projects/atria/Atria -no-emit-module-separately-wmo

SwiftMergeGeneratedHeaders /Users/amanpandey/Library/Developer/Xcode/DerivedData/Atria-ctrkttbxjrccqrezhykayorqtnwd/Build/Intermediates.noindex/Atria.build/Release-iphoneos/Atria.build/DerivedSources/Atria-Swift.h /Users/amanpandey/Library/Developer/Xcode/DerivedData/Atria-ctrkttbxjrccqrezhykayorqtnwd/Build/Intermediates.noindex/Atria.build/Release-iphoneos/Atria.build/Objects-normal/arm64/Atria-Swift.h (in target 'Atria' from project 'Atria')
    cd /Users/amanpandey/projects/atria/Atria
    builtin-swiftHeaderTool -arch arm64 /Users/amanpandey/Library/Developer/Xcode/DerivedData/Atria-ctrkttbxjrccqrezhykayorqtnwd/Build/Intermediates.noindex/Atria.build/Release-iphoneos/Atria.build/Objects-normal/arm64/Atria-Swift.h -o /Users/amanpandey/Library/Developer/Xcode/DerivedData/Atria-ctrkttbxjrccqrezhykayorqtnwd/Build/Intermediates.noindex/Atria.build/Release-iphoneos/Atria.build/DerivedSources/Atria-Swift.h

Copy /Users/amanpandey/Library/Developer/Xcode/DerivedData/Atria-ctrkttbxjrccqrezhykayorqtnwd/Build/Products/Release-iphoneos/Atria.swiftmodule/arm64-apple-ios.abi.json /Users/amanpandey/Library/Developer/Xcode/DerivedData/Atria-ctrkttbxjrccqrezhykayorqtnwd/Build/Intermediates.noindex/Atria.build/Release-iphoneos/Atria.build/Objects-normal/arm64/Atria.abi.json (in target 'Atria' from project 'Atria')
    cd /Users/amanpandey/projects/atria/Atria
    builtin-copy -exclude .DS_Store -exclude CVS -exclude .svn -exclude .git -exclude .hg -resolve-src-symlinks -rename /Users/amanpandey/Library/Developer/Xcode/DerivedData/Atria-ctrkttbxjrccqrezhykayorqtnwd/Build/Intermediates.noindex/Atria.build/Release-iphoneos/Atria.build/Objects-normal/arm64/Atria.abi.json /Users/amanpandey/Library/Developer/Xcode/DerivedData/Atria-ctrkttbxjrccqrezhykayorqtnwd/Build/Products/Release-iphoneos/Atria.swiftmodule/arm64-apple-ios.abi.json

Copy /Users/amanpandey/Library/Developer/Xcode/DerivedData/Atria-ctrkttbxjrccqrezhykayorqtnwd/Build/Products/Release-iphoneos/Atria.swiftmodule/arm64-apple-ios.swiftdoc /Users/amanpandey/Library/Developer/Xcode/DerivedData/Atria-ctrkttbxjrccqrezhykayorqtnwd/Build/Intermediates.noindex/Atria.build/Release-iphoneos/Atria.build/Objects-normal/arm64/Atria.swiftdoc (in target 'Atria' from project 'Atria')
    cd /Users/amanpandey/projects/atria/Atria
    builtin-copy -exclude .DS_Store -exclude CVS -exclude .svn -exclude .git -exclude .hg -resolve-src-symlinks -rename /Users/amanpandey/Library/Developer/Xcode/DerivedData/Atria-ctrkttbxjrccqrezhykayorqtnwd/Build/Intermediates.noindex/Atria.build/Release-iphoneos/Atria.build/Objects-normal/arm64/Atria.swiftdoc /Users/amanpandey/Library/Developer/Xcode/DerivedData/Atria-ctrkttbxjrccqrezhykayorqtnwd/Build/Products/Release-iphoneos/Atria.swiftmodule/arm64-apple-ios.swiftdoc

Copy /Users/amanpandey/Library/Developer/Xcode/DerivedData/Atria-ctrkttbxjrccqrezhykayorqtnwd/Build/Products/Release-iphoneos/Atria.swiftmodule/arm64-apple-ios.swiftmodule /Users/amanpandey/Library/Developer/Xcode/DerivedData/Atria-ctrkttbxjrccqrezhykayorqtnwd/Build/Intermediates.noindex/Atria.build/Release-iphoneos/Atria.build/Objects-normal/arm64/Atria.swiftmodule (in target 'Atria' from project 'Atria')
    cd /Users/amanpandey/projects/atria/Atria
    builtin-copy -exclude .DS_Store -exclude CVS -exclude .svn -exclude .git -exclude .hg -resolve-src-symlinks -rename /Users/amanpandey/Library/Developer/Xcode/DerivedData/Atria-ctrkttbxjrccqrezhykayorqtnwd/Build/Intermediates.noindex/Atria.build/Release-iphoneos/Atria.build/Objects-normal/arm64/Atria.swiftmodule /Users/amanpandey/Library/Developer/Xcode/DerivedData/Atria-ctrkttbxjrccqrezhykayorqtnwd/Build/Products/Release-iphoneos/Atria.swiftmodule/arm64-apple-ios.swiftmodule

Copy /Users/amanpandey/Library/Developer/Xcode/DerivedData/Atria-ctrkttbxjrccqrezhykayorqtnwd/Build/Products/Release-iphoneos/Atria.swiftmodule/Project/arm64-apple-ios.swiftsourceinfo /Users/amanpandey/Library/Developer/Xcode/DerivedData/Atria-ctrkttbxjrccqrezhykayorqtnwd/Build/Intermediates.noindex/Atria.build/Release-iphoneos/Atria.build/Objects-normal/arm64/Atria.swiftsourceinfo (in target 'Atria' from project 'Atria')
    cd /Users/amanpandey/projects/atria/Atria
    builtin-copy -exclude .DS_Store -exclude CVS -exclude .svn -exclude .git -exclude .hg -resolve-src-symlinks -rename /Users/amanpandey/Library/Developer/Xcode/DerivedData/Atria-ctrkttbxjrccqrezhykayorqtnwd/Build/Intermediates.noindex/Atria.build/Release-iphoneos/Atria.build/Objects-normal/arm64/Atria.swiftsourceinfo /Users/amanpandey/Library/Developer/Xcode/DerivedData/Atria-ctrkttbxjrccqrezhykayorqtnwd/Build/Products/Release-iphoneos/Atria.swiftmodule/Project/arm64-apple-ios.swiftsourceinfo

Ld /Users/amanpandey/Library/Developer/Xcode/DerivedData/Atria-ctrkttbxjrccqrezhykayorqtnwd/Build/Products/Release-iphoneos/Atria.app/Atria normal (in target 'Atria' from project 'Atria')
    cd /Users/amanpandey/projects/atria/Atria
    /Applications/Xcode-beta.app/Contents/Developer/Toolchains/XcodeDefault.xctoolchain/usr/bin/clang -Xlinker -reproducible -target arm64-apple-ios26.1 -isysroot /Applications/Xcode-beta.app/Contents/Developer/Platforms/iPhoneOS.platform/Developer/SDKs/iPhoneOS27.0.sdk -Os -Xlinker -no_warn_duplicate_libraries -L/Users/amanpandey/Library/Developer/Xcode/DerivedData/Atria-ctrkttbxjrccqrezhykayorqtnwd/Build/Intermediates.noindex/EagerLinkingTBDs/Release-iphoneos -L/Users/amanpandey/Library/Developer/Xcode/DerivedData/Atria-ctrkttbxjrccqrezhykayorqtnwd/Build/Products/Release-iphoneos -F/Users/amanpandey/Library/Developer/Xcode/DerivedData/Atria-ctrkttbxjrccqrezhykayorqtnwd/Build/Intermediates.noindex/EagerLinkingTBDs/Release-iphoneos -F/Users/amanpandey/Library/Developer/Xcode/DerivedData/Atria-ctrkttbxjrccqrezhykayorqtnwd/Build/Products/Release-iphoneos -filelist /Users/amanpandey/Library/Developer/Xcode/DerivedData/Atria-ctrkttbxjrccqrezhykayorqtnwd/Build/Intermediates.noindex/Atria.build/Release-iphoneos/Atria.build/Objects-normal/arm64/Atria.LinkFileList -Xlinker -rpath -Xlinker @executable_path/Frameworks -Xlinker -dead_strip -Xlinker -object_path_lto -Xlinker /Users/amanpandey/Library/Developer/Xcode/DerivedData/Atria-ctrkttbxjrccqrezhykayorqtnwd/Build/Intermediates.noindex/Atria.build/Release-iphoneos/Atria.build/Objects-normal/arm64/Atria_lto.o -Xlinker -dependency_info -Xlinker /Users/amanpandey/Library/Developer/Xcode/DerivedData/Atria-ctrkttbxjrccqrezhykayorqtnwd/Build/Intermediates.noindex/Atria.build/Release-iphoneos/Atria.build/Objects-normal/arm64/Atria_dependency_info.dat -fobjc-link-runtime -L/Applications/Xcode-beta.app/Contents/Developer/Toolchains/XcodeDefault.xctoolchain/usr/lib/swift/iphoneos -L/usr/lib/swift -Xlinker -add_ast_path -Xlinker /Users/amanpandey/Library/Developer/Xcode/DerivedData/Atria-ctrkttbxjrccqrezhykayorqtnwd/Build/Intermediates.noindex/Atria.build/Release-iphoneos/Atria.build/Objects-normal/arm64/Atria.swiftmodule -Xlinker -no_adhoc_codesign -o /Users/amanpandey/Library/Developer/Xcode/DerivedData/Atria-ctrkttbxjrccqrezhykayorqtnwd/Build/Products/Release-iphoneos/Atria.app/Atria

Copy /Users/amanpandey/Library/Developer/Xcode/DerivedData/Atria-ctrkttbxjrccqrezhykayorqtnwd/Build/Products/Release-iphoneos/Atria.app/PlugIns/AtriaWidget.appex /Users/amanpandey/Library/Developer/Xcode/DerivedData/Atria-ctrkttbxjrccqrezhykayorqtnwd/Build/Products/Release-iphoneos/AtriaWidget.appex (in target 'Atria' from project 'Atria')
    cd /Users/amanpandey/projects/atria/Atria
    builtin-copy -exclude .DS_Store -exclude CVS -exclude .svn -exclude .git -exclude .hg -exclude Headers -exclude PrivateHeaders -exclude Modules -exclude \*.tbd -resolve-src-symlinks -remove-static-executable /Users/amanpandey/Library/Developer/Xcode/DerivedData/Atria-ctrkttbxjrccqrezhykayorqtnwd/Build/Products/Release-iphoneos/AtriaWidget.appex /Users/amanpandey/Library/Developer/Xcode/DerivedData/Atria-ctrkttbxjrccqrezhykayorqtnwd/Build/Products/Release-iphoneos/Atria.app/PlugIns

ProcessInfoPlistFile /Users/amanpandey/Library/Developer/Xcode/DerivedData/Atria-ctrkttbxjrccqrezhykayorqtnwd/Build/Products/Release-iphoneos/Atria.app/Info.plist /Users/amanpandey/projects/atria/Atria/Info.plist (in target 'Atria' from project 'Atria')
    cd /Users/amanpandey/projects/atria/Atria
    builtin-infoPlistUtility /Users/amanpandey/projects/atria/Atria/Info.plist -producttype com.apple.product-type.application -genpkginfo /Users/amanpandey/Library/Developer/Xcode/DerivedData/Atria-ctrkttbxjrccqrezhykayorqtnwd/Build/Products/Release-iphoneos/Atria.app/PkgInfo -expandbuildsettings -format binary -platform iphoneos -additionalcontentfile /Users/amanpandey/Library/Developer/Xcode/DerivedData/Atria-ctrkttbxjrccqrezhykayorqtnwd/Build/Intermediates.noindex/Atria.build/Release-iphoneos/Atria.build/assetcatalog_generated_info.plist -scanforprivacyfile /Users/amanpandey/Library/Developer/Xcode/DerivedData/Atria-ctrkttbxjrccqrezhykayorqtnwd/Build/Products/Release-iphoneos/Atria.app/PlugIns/AtriaWidget.appex -requiredArchitecture arm64 -o /Users/amanpandey/Library/Developer/Xcode/DerivedData/Atria-ctrkttbxjrccqrezhykayorqtnwd/Build/Products/Release-iphoneos/Atria.app/Info.plist

ExtractAppIntentsMetadata (in target 'Atria' from project 'Atria')
    cd /Users/amanpandey/projects/atria/Atria
    /Applications/Xcode-beta.app/Contents/Developer/Toolchains/XcodeDefault.xctoolchain/usr/bin/appintentsmetadataprocessor --toolchain-dir /Applications/Xcode-beta.app/Contents/Developer/Toolchains/XcodeDefault.xctoolchain --module-name Atria --sdk-root /Applications/Xcode-beta.app/Contents/Developer/Platforms/iPhoneOS.platform/Developer/SDKs/iPhoneOS27.0.sdk --xcode-version 27A5209h --platform-family iOS --deployment-target 26.1 --bundle-identifier com.adidshaft.atria --output /Users/amanpandey/Library/Developer/Xcode/DerivedData/Atria-ctrkttbxjrccqrezhykayorqtnwd/Build/Products/Release-iphoneos/Atria.app --target-triple arm64-apple-ios26.1 --binary-file /Users/amanpandey/Library/Developer/Xcode/DerivedData/Atria-ctrkttbxjrccqrezhykayorqtnwd/Build/Products/Release-iphoneos/Atria.app/Atria --dependency-file /Users/amanpandey/Library/Developer/Xcode/DerivedData/Atria-ctrkttbxjrccqrezhykayorqtnwd/Build/Intermediates.noindex/Atria.build/Release-iphoneos/Atria.build/Objects-normal/arm64/Atria_dependency_info.dat --stringsdata-file /Users/amanpandey/Library/Developer/Xcode/DerivedData/Atria-ctrkttbxjrccqrezhykayorqtnwd/Build/Intermediates.noindex/Atria.build/Release-iphoneos/Atria.build/Objects-normal/arm64/ExtractedAppShortcutsMetadata.stringsdata --source-file-list /Users/amanpandey/Library/Developer/Xcode/DerivedData/Atria-ctrkttbxjrccqrezhykayorqtnwd/Build/Intermediates.noindex/Atria.build/Release-iphoneos/Atria.build/Objects-normal/arm64/Atria.SwiftFileList --metadata-file-list /Users/amanpandey/Library/Developer/Xcode/DerivedData/Atria-ctrkttbxjrccqrezhykayorqtnwd/Build/Intermediates.noindex/Atria.build/Release-iphoneos/Atria.build/Atria.DependencyMetadataFileList --static-metadata-file-list /Users/amanpandey/Library/Developer/Xcode/DerivedData/Atria-ctrkttbxjrccqrezhykayorqtnwd/Build/Intermediates.noindex/Atria.build/Release-iphoneos/Atria.build/Atria.DependencyStaticMetadataFileList --swift-const-vals-list /Users/amanpandey/Library/Developer/Xcode/DerivedData/Atria-ctrkttbxjrccqrezhykayorqtnwd/Build/Intermediates.noindex/Atria.build/Release-iphoneos/Atria.build/Objects-normal/arm64/Atria.SwiftConstValuesFileList --compile-time-extraction --deployment-aware-processing --no-app-shortcuts-localization
2026-07-03 20:26:26.823 appintentsmetadataprocessor[33203:10590849] Starting appintentsmetadataprocessor export
2026-07-03 20:26:26.864 appintentsmetadataprocessor[33203:10590849] Writing Metadata.appintents
2026-07-03 20:26:26.864 appintentsmetadataprocessor[33203:10590849] Metadata root: /Users/amanpandey/Library/Developer/Xcode/DerivedData/Atria-ctrkttbxjrccqrezhykayorqtnwd/Build/Products/Release-iphoneos/Atria.app/Metadata.appintents

CopySwiftLibs /Users/amanpandey/Library/Developer/Xcode/DerivedData/Atria-ctrkttbxjrccqrezhykayorqtnwd/Build/Products/Release-iphoneos/Atria.app (in target 'Atria' from project 'Atria')
    cd /Users/amanpandey/projects/atria/Atria
    builtin-swiftStdLibTool --copy --verbose --sign 8A8084FD4F59CDDD6153B5B39DDFB448D9DAC0B5 --scan-executable /Users/amanpandey/Library/Developer/Xcode/DerivedData/Atria-ctrkttbxjrccqrezhykayorqtnwd/Build/Products/Release-iphoneos/Atria.app/Atria --scan-folder /Users/amanpandey/Library/Developer/Xcode/DerivedData/Atria-ctrkttbxjrccqrezhykayorqtnwd/Build/Products/Release-iphoneos/Atria.app/Frameworks --scan-folder /Users/amanpandey/Library/Developer/Xcode/DerivedData/Atria-ctrkttbxjrccqrezhykayorqtnwd/Build/Products/Release-iphoneos/Atria.app/PlugIns --scan-folder /Users/amanpandey/Library/Developer/Xcode/DerivedData/Atria-ctrkttbxjrccqrezhykayorqtnwd/Build/Products/Release-iphoneos/Atria.app/SystemExtensions --scan-folder /Users/amanpandey/Library/Developer/Xcode/DerivedData/Atria-ctrkttbxjrccqrezhykayorqtnwd/Build/Products/Release-iphoneos/Atria.app/Extensions --platform iphoneos --toolchain /Applications/Xcode-beta.app/Contents/Developer/Toolchains/XcodeDefault.xctoolchain --destination /Users/amanpandey/Library/Developer/Xcode/DerivedData/Atria-ctrkttbxjrccqrezhykayorqtnwd/Build/Products/Release-iphoneos/Atria.app/Frameworks --strip-bitcode --strip-bitcode-tool /Applications/Xcode-beta.app/Contents/Developer/Toolchains/XcodeDefault.xctoolchain/usr/bin/bitcode_strip --emit-dependency-info /Users/amanpandey/Library/Developer/Xcode/DerivedData/Atria-ctrkttbxjrccqrezhykayorqtnwd/Build/Intermediates.noindex/Atria.build/Release-iphoneos/Atria.build/SwiftStdLibToolInputDependencies.dep --filter-for-swift-os

GenerateDSYMFile /Users/amanpandey/Library/Developer/Xcode/DerivedData/Atria-ctrkttbxjrccqrezhykayorqtnwd/Build/Products/Release-iphoneos/Atria.app.dSYM /Users/amanpandey/Library/Developer/Xcode/DerivedData/Atria-ctrkttbxjrccqrezhykayorqtnwd/Build/Products/Release-iphoneos/Atria.app/Atria (in target 'Atria' from project 'Atria')
    cd /Users/amanpandey/projects/atria/Atria
    export PATH\=/Applications/Xcode-beta.app/Contents/SharedFrameworks/SwiftBuild.framework/Versions/A/PlugIns/SWBBuildService.bundle/Contents/PlugIns/SWBUniversalPlatformPlugin.bundle/Contents/Frameworks/SWBUniversalPlatform.framework/Resources:/Applications/Xcode-beta.app/Contents/Developer/Toolchains/XcodeDefault.xctoolchain/usr/bin:/Applications/Xcode-beta.app/Contents/Developer/Toolchains/XcodeDefault.xctoolchain/usr/local/bin:/Applications/Xcode-beta.app/Contents/Developer/Toolchains/XcodeDefault.xctoolchain/usr/libexec:/Applications/Xcode-beta.app/Contents/Developer/Platforms/iPhoneOS.platform/usr/bin:/Applications/Xcode-beta.app/Contents/Developer/Platforms/iPhoneOS.platform/usr/local/bin:/Applications/Xcode-beta.app/Contents/Developer/Platforms/iPhoneOS.platform/Developer/usr/bin:/Applications/Xcode-beta.app/Contents/Developer/Platforms/iPhoneOS.platform/Developer/usr/local/bin:/Applications/Xcode-beta.app/Contents/Developer/usr/bin:/Applications/Xcode-beta.app/Contents/Developer/usr/local/bin:/Users/amanpandey/.codex/tmp/arg0/codex-arg0s83i0X:/Users/amanpandey/.cache/codex-runtimes/codex-primary-runtime/dependencies/bin:/Users/amanpandey/.antigravity-ide/antigravity-ide/bin:/Users/amanpandey/.antigravity/antigravity/bin:/Users/amanpandey/google-cloud-sdk/bin:/Users/amanpandey/.fuelup/bin:/Users/amanpandey/.local/bin:/opt/homebrew/bin:/opt/homebrew/sbin:/usr/local/bin:/System/Cryptexes/App/usr/bin:/usr/bin:/bin:/usr/sbin:/sbin:/var/run/com.apple.security.cryptexd/codex.system/bootstrap/usr/local/bin:/var/run/com.apple.security.cryptexd/codex.system/bootstrap/usr/bin:/var/run/com.apple.security.cryptexd/codex.system/bootstrap/usr/appleinternal/bin:/pkg/env/global/bin:/Library/Apple/usr/bin:/Users/amanpandey/.starkli/bin:/Users/amanpandey/.cargo/bin:/Users/amanpandey/.sp1/bin:/Users/amanpandey/.zisk/bin:/Users/amanpandey/.foundry/bin:/Users/amanpandey/Library/Android/sdk/emulator:/Users/amanpandey/Library/Android/sdk/platform-tools:/Users/amanpandey/.asdf/shims:/Users/amanpandey/.maestro/bin:/Applications/Codex.app/Contents/Resources
    /Applications/Xcode-beta.app/Contents/Developer/Toolchains/XcodeDefault.xctoolchain/usr/bin/dsymutil /Users/amanpandey/Library/Developer/Xcode/DerivedData/Atria-ctrkttbxjrccqrezhykayorqtnwd/Build/Products/Release-iphoneos/Atria.app/Atria -o /Users/amanpandey/Library/Developer/Xcode/DerivedData/Atria-ctrkttbxjrccqrezhykayorqtnwd/Build/Products/Release-iphoneos/Atria.app.dSYM

AppIntentsSSUTraining (in target 'Atria' from project 'Atria')
    cd /Users/amanpandey/projects/atria/Atria
    /Applications/Xcode-beta.app/Contents/Developer/Toolchains/XcodeDefault.xctoolchain/usr/bin/appintentsnltrainingprocessor --infoplist-path /Users/amanpandey/Library/Developer/Xcode/DerivedData/Atria-ctrkttbxjrccqrezhykayorqtnwd/Build/Products/Release-iphoneos/Atria.app/Info.plist --temp-dir-path /Users/amanpandey/Library/Developer/Xcode/DerivedData/Atria-ctrkttbxjrccqrezhykayorqtnwd/Build/Intermediates.noindex/Atria.build/Release-iphoneos/Atria.build/ssu --bundle-id com.adidshaft.atria --product-path /Users/amanpandey/Library/Developer/Xcode/DerivedData/Atria-ctrkttbxjrccqrezhykayorqtnwd/Build/Products/Release-iphoneos/Atria.app --extracted-metadata-path /Users/amanpandey/Library/Developer/Xcode/DerivedData/Atria-ctrkttbxjrccqrezhykayorqtnwd/Build/Products/Release-iphoneos/Atria.app/Metadata.appintents --metadata-file-list /Users/amanpandey/Library/Developer/Xcode/DerivedData/Atria-ctrkttbxjrccqrezhykayorqtnwd/Build/Intermediates.noindex/Atria.build/Release-iphoneos/Atria.build/Atria.DependencyMetadataFileList --source-file /Users/amanpandey/Library/Developer/Xcode/DerivedData/Atria-ctrkttbxjrccqrezhykayorqtnwd/Build/Products/Release-iphoneos/Atria.app/Info.plist --archive-ssu-assets
2026-07-03 20:26:26.889 appintentsnltrainingprocessor[33206:10590864] Parsing options for appintentsnltrainingprocessor
2026-07-03 20:26:26.889 appintentsnltrainingprocessor[33206:10590864] Starting AppIntents SSU YAML Generation
2026-07-03 20:26:26.896 appintentsnltrainingprocessor[33206:10590864] Training 'What's my recovery in ${+applicationName}|Check my Atria metrics with ${+applicationName}' for en
2026-07-03 20:26:26.896 appintentsnltrainingprocessor[33206:10590864] Training 'Open vitals in ${+applicationName}|Show my vitals in ${+applicationName}' for en
2026-07-03 20:26:26.896 appintentsnltrainingprocessor[33206:10590864] Training 'Start backup in ${+applicationName}|Start Atria session with ${+applicationName}' for en
2026-07-03 20:26:26.896 appintentsnltrainingprocessor[33206:10590864] Training 'Stop backup in ${+applicationName}|Stop Atria session with ${+applicationName}' for en
2026-07-03 20:26:26.896 appintentsnltrainingprocessor[33206:10590864] Training Negative Phrases '' for en
2026-07-03 20:26:26.896 appintentsnltrainingprocessor[33206:10590864] Application name 'Atria' for en
2026-07-03 20:26:26.904 appintentsnltrainingprocessor[33206:10590864] Generated AppIntents SSU YAML files in file:///Users/amanpandey/Library/Developer/Xcode/DerivedData/Atria-ctrkttbxjrccqrezhykayorqtnwd/Build/Intermediates.noindex/Atria.build/Release-iphoneos/Atria.build/ssu/
2026-07-03 20:26:26.904 appintentsnltrainingprocessor[33206:10590864] Copied AppIntents SSU YAML files to file:///Users/amanpandey/Library/Developer/Xcode/DerivedData/Atria-ctrkttbxjrccqrezhykayorqtnwd/Build/Products/Release-iphoneos/Atria.app/Metadata.appintents/
Archiving all locales.
[------------------------------------------------------------] 0% archiving en[🁢🁢🁢🁢🁢🁢🁢🁢🁢🁢🁢🁢🁢🁢🁢🁢🁢🁢🁢🁢🁢🁢🁢🁢🁢🁢🁢🁢🁢🁢🁢🁢🁢🁢🁢🁢🁢🁢🁢🁢🁢🁢🁢🁢🁢🁢🁢🁢🁢🁢🁢🁢🁢🁢🁢🁢🁢🁢🁢🁢] 100% archived en[🁢🁢🁢🁢🁢🁢🁢🁢🁢🁢🁢🁢🁢🁢🁢🁢🁢🁢🁢🁢🁢🁢🁢🁢🁢🁢🁢🁢🁢🁢🁢🁢🁢🁢🁢🁢🁢🁢🁢🁢🁢🁢🁢🁢🁢🁢🁢🁢🁢🁢🁢🁢🁢🁢🁢🁢🁢🁢🁢🁢] 100% archived 1 locales/Users/amanpandey/Library/Developer/Xcode/DerivedData/Atria-ctrkttbxjrccqrezhykayorqtnwd/Build/Products/Release-iphoneos/Atria.app/Metadata.appintents/nlu
/Users/amanpandey/Library/Developer/Xcode/DerivedData/Atria-ctrkttbxjrccqrezhykayorqtnwd/Build/Products/Release-iphoneos/Atria.app/Metadata.appintents/nlu/3e7748406b2f01ccc502621c1881c045.version


CodeSign /Users/amanpandey/Library/Developer/Xcode/DerivedData/Atria-ctrkttbxjrccqrezhykayorqtnwd/Build/Products/Release-iphoneos/Atria.app (in target 'Atria' from project 'Atria')
    cd /Users/amanpandey/projects/atria/Atria
    
    Signing Identity:     "Apple Development: Aman Pandey (9BFSABP27W)"
    Provisioning Profile: "Atria App Development"
                          (e1b67d88-b48a-4225-bec8-a869f6214e5a)
    
    /usr/bin/codesign --force --sign 8A8084FD4F59CDDD6153B5B39DDFB448D9DAC0B5 --entitlements /Users/amanpandey/Library/Developer/Xcode/DerivedData/Atria-ctrkttbxjrccqrezhykayorqtnwd/Build/Intermediates.noindex/Atria.build/Release-iphoneos/Atria.build/Atria.app.xcent --timestamp\=none --generate-entitlement-der /Users/amanpandey/Library/Developer/Xcode/DerivedData/Atria-ctrkttbxjrccqrezhykayorqtnwd/Build/Products/Release-iphoneos/Atria.app

ValidateEmbeddedBinary /Users/amanpandey/Library/Developer/Xcode/DerivedData/Atria-ctrkttbxjrccqrezhykayorqtnwd/Build/Products/Release-iphoneos/Atria.app/PlugIns/AtriaWidget.appex (in target 'Atria' from project 'Atria')
    cd /Users/amanpandey/projects/atria/Atria
    /Applications/Xcode-beta.app/Contents/Developer/usr/bin/embeddedBinaryValidationUtility /Users/amanpandey/Library/Developer/Xcode/DerivedData/Atria-ctrkttbxjrccqrezhykayorqtnwd/Build/Products/Release-iphoneos/Atria.app/PlugIns/AtriaWidget.appex -signing-cert 8A8084FD4F59CDDD6153B5B39DDFB448D9DAC0B5 -info-plist-path /Users/amanpandey/Library/Developer/Xcode/DerivedData/Atria-ctrkttbxjrccqrezhykayorqtnwd/Build/Products/Release-iphoneos/Atria.app/Info.plist

Validate /Users/amanpandey/Library/Developer/Xcode/DerivedData/Atria-ctrkttbxjrccqrezhykayorqtnwd/Build/Products/Release-iphoneos/Atria.app (in target 'Atria' from project 'Atria')
    cd /Users/amanpandey/projects/atria/Atria
    builtin-validationUtility /Users/amanpandey/Library/Developer/Xcode/DerivedData/Atria-ctrkttbxjrccqrezhykayorqtnwd/Build/Products/Release-iphoneos/Atria.app -validate-for-store -shallow-bundle -infoplist-subpath Info.plist

PruneExplicitPrecompiledModules /Users/amanpandey/Library/Developer/Xcode/DerivedData/Atria-ctrkttbxjrccqrezhykayorqtnwd/Build/Intermediates.noindex/SwiftExplicitPrecompiledModules

PruneExplicitPrecompiledModules /Users/amanpandey/Library/Developer/Xcode/DerivedData/Atria-ctrkttbxjrccqrezhykayorqtnwd/Build/Intermediates.noindex/ExplicitPrecompiledModules

note: Removed stale file '/Users/amanpandey/Library/Developer/Xcode/DerivedData/Atria-ctrkttbxjrccqrezhykayorqtnwd/Build/Intermediates.noindex/Atria.build/Release-iphoneos/AtriaWidget.build/Objects-normal/arm64/AtriaWidget-linker-args.resp'

note: Removed stale file '/Users/amanpandey/Library/Developer/Xcode/DerivedData/Atria-ctrkttbxjrccqrezhykayorqtnwd/Build/Intermediates.noindex/Atria.build/Release-iphoneos/Atria.build/Objects-normal/arm64/Atria-linker-args.resp'

** BUILD SUCCEEDED **

